unbekannt,2020/11/01,0
unbekannt,2020/11/02,0
unbekannt,2020/11/03,0
unbekannt,2020/11/04,0
unbekannt,2020/11/05,1
unbekannt,2020/11/06,1
unbekannt,2020/11/07,1
unbekannt,2020/11/08,1
unbekannt,2020/11/09,1
unbekannt,2020/11/10,2
unbekannt,2020/11/11,2
unbekannt,2020/11/12,2
unbekannt,2020/11/13,2
unbekannt,2020/11/14,2
unbekannt,2020/11/15,2
unbekannt,2020/11/16,2
unbekannt,2020/11/17,2
unbekannt,2020/11/18,2
unbekannt,2020/11/19,2
unbekannt,2020/11/20,2
unbekannt,2020/11/21,2
unbekannt,2020/11/22,2
unbekannt,2020/11/23,2
unbekannt,2020/11/24,2
unbekannt,2020/11/25,2
unbekannt,2020/11/26,2
unbekannt,2020/11/27,3
unbekannt,2020/12/01,4
A00-A04,2020/4/01,0
A00-A04,2020/4/02,0
A00-A04,2020/4/03,0
A00-A04,2020/4/04,0
A00-A04,2020/4/05,0
A00-A04,2020/4/06,0
A00-A04,2020/4/07,0
A00-A04,2020/4/08,1
A00-A04,2020/11/01,1
A00-A04,2020/11/02,1
A00-A04,2020/11/03,1
A00-A04,2020/11/04,1
A00-A04,2020/11/05,1
A00-A04,2020/11/06,1
A00-A04,2020/11/07,1
A00-A04,2020/11/08,1
A00-A04,2020/11/09,1
A00-A04,2020/11/10,1
A00-A04,2020/11/11,1
A00-A04,2020/11/12,1
A00-A04,2020/11/13,1
A00-A04,2020/11/14,1
A00-A04,2020/11/15,1
A00-A04,2020/11/16,1
A00-A04,2020/11/17,1
A00-A04,2020/11/18,1
A00-A04,2020/11/19,1
A00-A04,2020/11/20,1
A00-A04,2020/11/21,1
A00-A04,2020/11/22,1
A00-A04,2020/11/23,1
A00-A04,2020/11/24,1
A00-A04,2020/11/25,1
A00-A04,2020/11/26,1
A00-A04,2020/11/27,2
unbekannt,2021/1/01,0
unbekannt,2021/1/02,0
unbekannt,2021/1/03,0
unbekannt,2021/1/04,0
unbekannt,2021/1/05,0
unbekannt,2021/1/06,0
unbekannt,2021/1/07,0
unbekannt,2021/1/08,0
unbekannt,2021/1/09,0
unbekannt,2021/1/10,0
unbekannt,2021/1/11,0
unbekannt,2021/1/12,0
unbekannt,2021/1/13,1
unbekannt,2021/1/14,1
unbekannt,2021/1/15,1
unbekannt,2021/1/16,1
unbekannt,2021/1/17,1
unbekannt,2021/1/18,1
unbekannt,2021/1/19,1
unbekannt,2021/1/20,1
unbekannt,2021/1/21,1
unbekannt,2021/1/22,1
unbekannt,2021/1/23,1
unbekannt,2021/1/24,1
unbekannt,2021/1/25,1
unbekannt,2021/1/26,2
unbekannt,2021/4/01,2
unbekannt,2021/4/02,2
unbekannt,2021/4/03,2
unbekannt,2021/4/04,2
unbekannt,2021/4/05,2
unbekannt,2021/4/06,2
unbekannt,2021/4/07,2
unbekannt,2021/4/08,2
unbekannt,2021/4/09,2
unbekannt,2021/4/10,2
unbekannt,2021/4/11,2
unbekannt,2021/4/12,2
unbekannt,2021/4/13,2
unbekannt,2021/4/14,2
unbekannt,2021/4/15,2
unbekannt,2021/4/16,2
unbekannt,2021/4/17,2
unbekannt,2021/4/18,2
unbekannt,2021/4/19,2
unbekannt,2021/4/20,3
unbekannt,2021/11/01,3
unbekannt,2021/11/02,3
unbekannt,2021/11/03,3
unbekannt,2021/11/04,3
unbekannt,2021/11/05,3
unbekannt,2021/11/06,3
unbekannt,2021/11/07,3
unbekannt,2021/11/08,3
unbekannt,2021/11/09,3
unbekannt,2021/11/10,3
unbekannt,2021/11/11,3
unbekannt,2021/11/12,3
unbekannt,2021/11/13,3
unbekannt,2021/11/14,3
unbekannt,2021/11/15,4
unbekannt,2022/1/01,0
unbekannt,2022/1/02,0
unbekannt,2022/1/03,0
unbekannt,2022/1/04,0
unbekannt,2022/1/05,0
unbekannt,2022/1/06,0
unbekannt,2022/1/07,0
unbekannt,2022/1/08,0
unbekannt,2022/1/09,0
unbekannt,2022/1/10,0
unbekannt,2022/1/11,0
unbekannt,2022/1/12,0
unbekannt,2022/1/13,0
unbekannt,2022/1/14,0
unbekannt,2022/1/15,0
unbekannt,2022/1/16,0
unbekannt,2022/1/17,0
unbekannt,2022/1/18,0
unbekannt,2022/1/19,0
unbekannt,2022/1/20,0
unbekannt,2022/1/21,0
unbekannt,2022/1/22,0
unbekannt,2022/1/23,0
unbekannt,2022/1/24,1
unbekannt,2022/2/01,1
unbekannt,2022/2/02,1
unbekannt,2022/2/03,1
unbekannt,2022/2/04,1
unbekannt,2022/2/05,1
unbekannt,2022/2/06,1
unbekannt,2022/2/07,1
unbekannt,2022/2/08,1
unbekannt,2022/2/09,1
unbekannt,2022/2/10,1
unbekannt,2022/2/11,1
unbekannt,2022/2/12,1
unbekannt,2022/2/13,1
unbekannt,2022/2/14,1
unbekannt,2022/2/15,2
unbekannt,2022/3/01,2
unbekannt,2022/3/02,2
unbekannt,2022/3/03,2
unbekannt,2022/3/04,2
unbekannt,2022/3/05,2
unbekannt,2022/3/06,2
unbekannt,2022/3/07,2
unbekannt,2022/3/08,2
unbekannt,2022/3/09,2
unbekannt,2022/3/10,2
unbekannt,2022/3/11,2
unbekannt,2022/3/12,2
unbekannt,2022/3/13,2
unbekannt,2022/3/14,2
unbekannt,2022/3/15,2
unbekannt,2022/3/16,2
unbekannt,2022/3/17,2
unbekannt,2022/3/18,2
unbekannt,2022/3/19,2
unbekannt,2022/3/20,3
unbekannt,2022/3/21,3
unbekannt,2022/3/22,3
unbekannt,2022/3/23,3
unbekannt,2022/3/24,3
unbekannt,2022/3/25,3
unbekannt,2022/3/26,3
unbekannt,2022/3/27,3
unbekannt,2022/3/28,3
unbekannt,2022/3/29,4
unbekannt,2022/5/01,4
unbekannt,2022/5/02,4
unbekannt,2022/5/03,4
unbekannt,2022/5/04,4
unbekannt,2022/5/05,4
unbekannt,2022/5/06,4
unbekannt,2022/5/07,4
unbekannt,2022/5/08,4
unbekannt,2022/5/09,4
unbekannt,2022/5/10,4
unbekannt,2022/5/11,4
unbekannt,2022/5/12,4
unbekannt,2022/5/13,4
unbekannt,2022/5/14,4
unbekannt,2022/5/15,4
unbekannt,2022/5/16,4
unbekannt,2022/5/17,6
A05-A14,2020/10/01,0
A05-A14,2020/10/02,0
A05-A14,2020/10/03,0
A05-A14,2020/10/04,0
A05-A14,2020/10/05,0
A05-A14,2020/10/06,0
A05-A14,2020/10/07,0
A05-A14,2020/10/08,0
A05-A14,2020/10/09,0
A05-A14,2020/10/10,0
A05-A14,2020/10/11,0
A05-A14,2020/10/12,0
A05-A14,2020/10/13,0
A05-A14,2020/10/14,0
A05-A14,2020/10/15,0
A05-A14,2020/10/16,0
A05-A14,2020/10/17,0
A05-A14,2020/10/18,0
A05-A14,2020/10/19,0
A05-A14,2020/10/20,0
A05-A14,2020/10/21,0
A05-A14,2020/10/22,0
A05-A14,2020/10/23,0
A05-A14,2020/10/24,0
A05-A14,2020/10/25,1
A05-A14,2020/10/26,1
A05-A14,2020/10/27,1
A05-A14,2020/10/28,1
A05-A14,2020/10/29,2
A05-A14,2020/11/01,2
A05-A14,2020/11/02,3
A05-A14,2020/11/03,3
A05-A14,2020/11/04,3
A05-A14,2020/11/05,3
A05-A14,2020/11/06,3
A05-A14,2020/11/07,3
A05-A14,2020/11/08,3
A05-A14,2020/11/09,3
A05-A14,2020/11/10,3
A05-A14,2020/11/11,3
A05-A14,2020/11/12,3
A05-A14,2020/11/13,3
A05-A14,2020/11/14,3
A05-A14,2020/11/15,3
A05-A14,2020/11/16,3
A05-A14,2020/11/17,3
A05-A14,2020/11/18,3
A05-A14,2020/11/19,3
A05-A14,2020/11/20,3
A05-A14,2020/11/21,3
A05-A14,2020/11/22,3
A05-A14,2020/11/23,3
A05-A14,2020/11/24,3
A05-A14,2020/11/25,4
A05-A14,2022/1/01,0
A05-A14,2022/1/02,0
A05-A14,2022/1/03,0
A05-A14,2022/1/04,0
A05-A14,2022/1/05,0
A05-A14,2022/1/06,0
A05-A14,2022/1/07,0
A05-A14,2022/1/08,0
A05-A14,2022/1/09,0
A05-A14,2022/1/10,0
A05-A14,2022/1/11,0
A05-A14,2022/1/12,0
A05-A14,2022/1/13,0
A05-A14,2022/1/14,0
A05-A14,2022/1/15,0
A05-A14,2022/1/16,0
A05-A14,2022/1/17,0
A05-A14,2022/1/18,0
A05-A14,2022/1/19,0
A05-A14,2022/1/20,0
A05-A14,2022/1/21,1
A05-A14,2022/1/22,1
A05-A14,2022/1/23,1
A05-A14,2022/1/24,2
A05-A14,2022/1/25,2
A05-A14,2022/1/26,3
A05-A14,2022/2/01,3
A05-A14,2022/2/02,5
A05-A14,2022/2/03,5
A05-A14,2022/2/04,5
A05-A14,2022/2/05,5
A05-A14,2022/2/06,5
A05-A14,2022/2/07,5
A05-A14,2022/2/08,6
A05-A14,2022/2/09,6
A05-A14,2022/2/10,6
A05-A14,2022/2/11,6
A05-A14,2022/2/12,6
A05-A14,2022/2/13,6
A05-A14,2022/2/14,6
A05-A14,2022/2/15,6
A05-A14,2022/2/16,6
A05-A14,2022/2/17,6
A05-A14,2022/2/18,7
A05-A14,2022/2/19,7
A05-A14,2022/2/20,7
A05-A14,2022/2/21,7
A05-A14,2022/2/22,7
A05-A14,2022/2/23,8
A05-A14,2022/2/24,8
A05-A14,2022/2/25,8
A05-A14,2022/2/26,9
A05-A14,2022/3/01,9
A05-A14,2022/3/02,9
A05-A14,2022/3/03,9
A05-A14,2022/3/04,9
A05-A14,2022/3/05,9
A05-A14,2022/3/06,9
A05-A14,2022/3/07,9
A05-A14,2022/3/08,9
A05-A14,2022/3/09,10
A05-A14,2022/3/10,10
A05-A14,2022/3/11,10
A05-A14,2022/3/12,10
A05-A14,2022/3/13,10
A05-A14,2022/3/14,10
A05-A14,2022/3/15,10
A05-A14,2022/3/16,10
A05-A14,2022/3/17,10
A05-A14,2022/3/18,10
A05-A14,2022/3/19,10
A05-A14,2022/3/20,10
A05-A14,2022/3/21,11
A05-A14,2022/3/22,12
A05-A14,2022/4/01,12
A05-A14,2022/4/02,12
A05-A14,2022/4/03,12
A05-A14,2022/4/04,12
A05-A14,2022/4/05,12
A05-A14,2022/4/06,12
A05-A14,2022/4/07,12
A05-A14,2022/4/08,12
A05-A14,2022/4/09,12
A05-A14,2022/4/10,12
A05-A14,2022/4/11,12
A05-A14,2022/4/12,12
A05-A14,2022/4/13,12
A05-A14,2022/4/14,12
A05-A14,2022/4/15,12
A05-A14,2022/4/16,12
A05-A14,2022/4/17,12
A05-A14,2022/4/18,12
A05-A14,2022/4/19,12
A05-A14,2022/4/20,12
A05-A14,2022/4/21,12
A05-A14,2022/4/22,12
A05-A14,2022/4/23,12
A05-A14,2022/4/24,12
A05-A14,2022/4/25,13
A00-A04,2022/1/01,0
A00-A04,2022/1/02,0
A00-A04,2022/1/03,0
A00-A04,2022/1/04,0
A00-A04,2022/1/05,1
A00-A04,2022/1/06,1
A00-A04,2022/1/07,1
A00-A04,2022/1/08,1
A00-A04,2022/1/09,1
A00-A04,2022/1/10,1
A00-A04,2022/1/11,1
A00-A04,2022/1/12,1
A00-A04,2022/1/13,1
A00-A04,2022/1/14,1
A00-A04,2022/1/15,1
A00-A04,2022/1/16,1
A00-A04,2022/1/17,1
A00-A04,2022/1/18,1
A00-A04,2022/1/19,1
A00-A04,2022/1/20,1
A00-A04,2022/1/21,2
A00-A04,2022/1/22,2
A00-A04,2022/1/23,2
A00-A04,2022/1/24,2
A00-A04,2022/1/25,2
A00-A04,2022/1/26,2
A00-A04,2022/1/27,2
A00-A04,2022/1/28,2
A00-A04,2022/1/29,2
A00-A04,2022/1/30,2
A00-A04,2022/1/31,3
A00-A04,2022/2/01,3
A00-A04,2022/2/02,3
A00-A04,2022/2/03,3
A00-A04,2022/2/04,4
A00-A04,2022/2/05,6
A00-A04,2022/2/06,6
A00-A04,2022/2/07,6
A00-A04,2022/2/08,6
A00-A04,2022/2/09,6
A00-A04,2022/2/10,6
A00-A04,2022/2/11,6
A00-A04,2022/2/12,6
A00-A04,2022/2/13,6
A00-A04,2022/2/14,7
A00-A04,2022/2/15,8
A00-A04,2022/3/01,8
A00-A04,2022/3/02,8
A00-A04,2022/3/03,8
A00-A04,2022/3/04,8
A00-A04,2022/3/05,8
A00-A04,2022/3/06,8
A00-A04,2022/3/07,8
A00-A04,2022/3/08,8
A00-A04,2022/3/09,8
A00-A04,2022/3/10,8
A00-A04,2022/3/11,8
A00-A04,2022/3/12,8
A00-A04,2022/3/13,8
A00-A04,2022/3/14,8
A00-A04,2022/3/15,8
A00-A04,2022/3/16,8
A00-A04,2022/3/17,8
A00-A04,2022/3/18,9
A00-A04,2022/3/19,9
A00-A04,2022/3/20,9
A00-A04,2022/3/21,9
A00-A04,2022/3/22,9
A00-A04,2022/3/23,9
A00-A04,2022/3/24,9
A00-A04,2022/3/25,9
A00-A04,2022/3/26,10
A00-A04,2022/3/27,10
A00-A04,2022/3/28,11
A00-A04,2022/4/01,11
A00-A04,2022/4/02,11
A00-A04,2022/4/03,11
A00-A04,2022/4/04,11
A00-A04,2022/4/05,12
A00-A04,2022/4/06,12
A00-A04,2022/4/07,12
A00-A04,2022/4/08,12
A00-A04,2022/4/09,12
A00-A04,2022/4/10,12
A00-A04,2022/4/11,12
A00-A04,2022/4/12,12
A00-A04,2022/4/13,12
A00-A04,2022/4/14,12
A00-A04,2022/4/15,12
A00-A04,2022/4/16,12
A00-A04,2022/4/17,12
A00-A04,2022/4/18,12
A00-A04,2022/4/19,12
A00-A04,2022/4/20,12
A00-A04,2022/4/21,12
A00-A04,2022/4/22,12
A00-A04,2022/4/23,12
A00-A04,2022/4/24,12
A00-A04,2022/4/25,12
A00-A04,2022/4/26,12
A00-A04,2022/4/27,13
A00-A04,2022/5/01,13
A00-A04,2022/5/02,13
A00-A04,2022/5/03,13
A00-A04,2022/5/04,13
A00-A04,2022/5/05,13
A00-A04,2022/5/06,13
A00-A04,2022/5/07,14
A00-A04,2022/5/08,14
A00-A04,2022/5/09,14
A00-A04,2022/5/10,14
A00-A04,2022/5/11,14
A00-A04,2022/5/12,14
A00-A04,2022/5/13,14
A00-A04,2022/5/14,14
A00-A04,2022/5/15,14
A00-A04,2022/5/16,14
A00-A04,2022/5/17,14
A00-A04,2022/5/18,14
A00-A04,2022/5/19,14
A00-A04,2022/5/20,14
A00-A04,2022/5/21,14
A00-A04,2022/5/22,14
A00-A04,2022/5/23,14
A00-A04,2022/5/24,15
A00-A04,2022/6/01,15
A00-A04,2022/6/02,15
A00-A04,2022/6/03,15
A00-A04,2022/6/04,15
A00-A04,2022/6/05,15
A00-A04,2022/6/06,15
A00-A04,2022/6/07,15
A00-A04,2022/6/08,15
A00-A04,2022/6/09,15
A00-A04,2022/6/10,15
A00-A04,2022/6/11,15
A00-A04,2022/6/12,15
A00-A04,2022/6/13,15
A00-A04,2022/6/14,15
A00-A04,2022/6/15,15
A00-A04,2022/6/16,15
A00-A04,2022/6/17,15
A00-A04,2022/6/18,15
A00-A04,2022/6/19,15
A00-A04,2022/6/20,15
A00-A04,2022/6/21,15
A00-A04,2022/6/22,15
A00-A04,2022/6/23,16
A00-A04,2022/7/01,16
A00-A04,2022/7/02,16
A00-A04,2022/7/03,16
A00-A04,2022/7/04,16
A00-A04,2022/7/05,16
A00-A04,2022/7/06,16
A00-A04,2022/7/07,16
A00-A04,2022/7/08,16
A00-A04,2022/7/09,16
A00-A04,2022/7/10,16
A00-A04,2022/7/11,16
A00-A04,2022/7/12,17
A60-A79,2022/1/01,19
A60-A79,2022/1/02,47
A60-A79,2022/1/03,100
A60-A79,2022/1/04,177
A60-A79,2022/1/05,226
A60-A79,2022/1/06,261
A60-A79,2022/1/07,294
A60-A79,2022/1/08,312
A60-A79,2022/1/09,332
A60-A79,2022/1/10,363
A60-A79,2022/1/11,402
A60-A79,2022/1/12,432
A60-A79,2022/1/13,460
A60-A79,2022/1/14,498
A60-A79,2022/1/15,526
A60-A79,2022/1/16,543
A60-A79,2022/1/17,585
A60-A79,2022/1/18,621
A60-A79,2022/1/19,651
A60-A79,2022/1/20,681
A60-A79,2022/1/21,721
A60-A79,2022/1/22,745
A60-A79,2022/1/23,768
A60-A79,2022/1/24,823
A60-A79,2022/1/25,881
A60-A79,2022/1/26,944
A60-A79,2022/1/27,991
A60-A79,2022/1/28,1046
A60-A79,2022/1/29,1089
A60-A79,2022/1/30,1115
A60-A79,2022/1/31,1186
A60-A79,2022/2/01,1256
A60-A79,2022/2/02,1325
A60-A79,2022/2/03,1382
A60-A79,2022/2/04,1442
A60-A79,2022/2/05,1484
A60-A79,2022/2/06,1517
A60-A79,2022/2/07,1587
A60-A79,2022/2/08,1674
A60-A79,2022/2/09,1750
A60-A79,2022/2/10,1819
A60-A79,2022/2/11,1875
A60-A79,2022/2/12,1913
A60-A79,2022/2/13,1949
A60-A79,2022/2/14,2019
A60-A79,2022/2/15,2106
A60-A79,2022/2/16,2185
A60-A79,2022/2/17,2262
A60-A79,2022/2/18,2328
A60-A79,2022/2/19,2370
A60-A79,2022/2/20,2404
A60-A79,2022/2/21,2485
A60-A79,2022/2/22,2570
A60-A79,2022/2/23,2651
A60-A79,2022/2/24,2717
A60-A79,2022/2/25,2785
A60-A79,2022/2/26,2822
A60-A79,2022/2/27,2846
A60-A79,2022/2/28,2896
A60-A79,2022/3/01,2965
A60-A79,2022/3/02,3029
A60-A79,2022/3/03,3098
A60-A79,2022/3/04,3163
A60-A79,2022/3/05,3191
A60-A79,2022/3/06,3221
A60-A79,2022/3/07,3293
A60-A79,2022/3/08,3368
A60-A79,2022/3/09,3443
A60-A79,2022/3/10,3514
A60-A79,2022/3/11,3602
A60-A79,2022/3/12,3645
A60-A79,2022/3/13,3670
A60-A79,2022/3/14,3745
A60-A79,2022/3/15,3839
A60-A79,2022/3/16,3936
A60-A79,2022/3/17,4028
A60-A79,2022/3/18,4098
A60-A79,2022/3/19,4141
A60-A79,2022/3/20,4164
A60-A79,2022/3/21,4248
A60-A79,2022/3/22,4337
A60-A79,2022/3/23,4419
A60-A79,2022/3/24,4496
A60-A79,2022/3/25,4569
A60-A79,2022/3/26,4610
A60-A79,2022/3/27,4645
A60-A79,2022/3/28,4714
A60-A79,2022/3/29,4795
A60-A79,2022/3/30,4866
A60-A79,2022/3/31,4927
A60-A79,2022/4/01,4987
A60-A79,2022/4/02,5019
A60-A79,2022/4/03,5036
A60-A79,2022/4/04,5105
A60-A79,2022/4/05,5168
A60-A79,2022/4/06,5230
A60-A79,2022/4/07,5287
A60-A79,2022/4/08,5333
A60-A79,2022/4/09,5354
A60-A79,2022/4/10,5369
A60-A79,2022/4/11,5425
A60-A79,2022/4/12,5478
A60-A79,2022/4/13,5513
A60-A79,2022/4/14,5558
A60-A79,2022/4/15,5575
A60-A79,2022/4/16,5588
A60-A79,2022/4/17,5595
A60-A79,2022/4/18,5610
A60-A79,2022/4/19,5682
A60-A79,2022/4/20,5735
A60-A79,2022/4/21,5770
A60-A79,2022/4/22,5789
A60-A79,2022/4/23,5800
A60-A79,2022/4/24,5808
A60-A79,2022/4/25,5857
A60-A79,2022/4/26,5892
A60-A79,2022/4/27,5922
A60-A79,2022/4/28,5946
A60-A79,2022/4/29,5971
A60-A79,2022/4/30,5981
A60-A79,2022/5/01,5987
A60-A79,2022/5/02,6020
A60-A79,2022/5/03,6037
A60-A79,2022/5/04,6062
A60-A79,2022/5/05,6081
A60-A79,2022/5/06,6099
A60-A79,2022/5/07,6106
A60-A79,2022/5/08,6114
A60-A79,2022/5/09,6139
A60-A79,2022/5/10,6158
A60-A79,2022/5/11,6177
A60-A79,2022/5/12,6201
A60-A79,2022/5/13,6220
A60-A79,2022/5/14,6226
A60-A79,2022/5/15,6229
A60-A79,2022/5/16,6255
A60-A79,2022/5/17,6273
A60-A79,2022/5/18,6290
A60-A79,2022/5/19,6305
A60-A79,2022/5/20,6316
A60-A79,2022/5/21,6321
A60-A79,2022/5/22,6324
A60-A79,2022/5/23,6349
A60-A79,2022/5/24,6364
A60-A79,2022/5/25,6374
A60-A79,2022/5/26,6374
A60-A79,2022/5/27,6378
A60-A79,2022/5/28,6380
A60-A79,2022/5/29,6381
A60-A79,2022/5/30,6394
A60-A79,2022/5/31,6406
A60-A79,2022/6/01,6414
A60-A79,2022/6/02,6423
A60-A79,2022/6/03,6429
A60-A79,2022/6/04,6430
A60-A79,2022/6/05,6432
A60-A79,2022/6/06,6433
A60-A79,2022/6/07,6453
A60-A79,2022/6/08,6464
A60-A79,2022/6/09,6470
A60-A79,2022/6/10,6479
A60-A79,2022/6/11,6480
A60-A79,2022/6/12,6483
A60-A79,2022/6/13,6508
A60-A79,2022/6/14,6521
A60-A79,2022/6/15,6539
A60-A79,2022/6/16,6543
A60-A79,2022/6/17,6558
A60-A79,2022/6/18,6563
A60-A79,2022/6/19,6565
A60-A79,2022/6/20,6602
A60-A79,2022/6/21,6617
A60-A79,2022/6/22,6625
A60-A79,2022/6/23,6639
A60-A79,2022/6/24,6650
A60-A79,2022/6/25,6657
A60-A79,2022/6/26,6662
A60-A79,2022/6/27,6683
A60-A79,2022/6/28,6698
A60-A79,2022/6/29,6714
A60-A79,2022/6/30,6723
A60-A79,2022/7/01,6731
A60-A79,2022/7/02,6735
A60-A79,2022/7/03,6735
A60-A79,2022/7/04,6751
A60-A79,2022/7/05,6766
A60-A79,2022/7/06,6777
A60-A79,2022/7/07,6783
A60-A79,2022/7/08,6790
A60-A79,2022/7/09,6792
A60-A79,2022/7/10,6793
A60-A79,2022/7/11,6801
A60-A79,2022/7/12,6807
A60-A79,2022/7/13,6810
A60-A79,2022/7/14,6815
A60-A79,2022/7/15,6816
A15-A34,2022/1/01,0
A15-A34,2022/1/02,1
A15-A34,2022/1/03,1
A15-A34,2022/1/04,1
A15-A34,2022/1/05,2
A15-A34,2022/1/06,2
A15-A34,2022/1/07,3
A15-A34,2022/1/08,7
A15-A34,2022/1/09,7
A15-A34,2022/1/10,7
A15-A34,2022/1/11,7
A15-A34,2022/1/12,7
A15-A34,2022/1/13,7
A15-A34,2022/1/14,7
A15-A34,2022/1/15,7
A15-A34,2022/1/16,7
A15-A34,2022/1/17,10
A15-A34,2022/1/18,11
A15-A34,2022/1/19,11
A15-A34,2022/1/20,12
A15-A34,2022/1/21,13
A15-A34,2022/1/22,13
A15-A34,2022/1/23,13
A15-A34,2022/1/24,13
A15-A34,2022/1/25,13
A15-A34,2022/1/26,13
A15-A34,2022/1/27,14
A15-A34,2022/1/28,15
A15-A34,2022/1/29,15
A15-A34,2022/1/30,16
A15-A34,2022/1/31,18
A15-A34,2022/2/01,19
A15-A34,2022/2/02,20
A15-A34,2022/2/03,20
A15-A34,2022/2/04,20
A15-A34,2022/2/05,20
A15-A34,2022/2/06,20
A15-A34,2022/2/07,20
A15-A34,2022/2/08,21
A15-A34,2022/2/09,23
A15-A34,2022/2/10,23
A15-A34,2022/2/11,23
A15-A34,2022/2/12,23
A15-A34,2022/2/13,23
A15-A34,2022/2/14,25
A15-A34,2022/2/15,27
A15-A34,2022/2/16,27
A15-A34,2022/2/17,28
A15-A34,2022/2/18,29
A15-A34,2022/2/19,29
A15-A34,2022/2/20,29
A15-A34,2022/2/21,29
A15-A34,2022/2/22,31
A15-A34,2022/2/23,32
A15-A34,2022/2/24,32
A15-A34,2022/2/25,32
A15-A34,2022/2/26,32
A15-A34,2022/2/27,32
A15-A34,2022/2/28,33
A15-A34,2022/3/01,34
A15-A34,2022/3/02,35
A15-A34,2022/3/03,35
A15-A34,2022/3/04,36
A15-A34,2022/3/05,37
A15-A34,2022/3/06,38
A15-A34,2022/3/07,41
A15-A34,2022/3/08,42
A15-A34,2022/3/09,43
A15-A34,2022/3/10,43
A15-A34,2022/3/11,45
A15-A34,2022/3/12,45
A15-A34,2022/3/13,45
A15-A34,2022/3/14,45
A15-A34,2022/3/15,46
A15-A34,2022/3/16,47
A15-A34,2022/3/17,49
A15-A34,2022/3/18,50
A15-A34,2022/3/19,50
A15-A34,2022/3/20,50
A15-A34,2022/3/21,52
A15-A34,2022/3/22,53
A15-A34,2022/3/23,54
A15-A34,2022/3/24,55
A15-A34,2022/3/25,56
A15-A34,2022/3/26,56
A15-A34,2022/3/27,56
A15-A34,2022/3/28,57
A15-A34,2022/3/29,57
A15-A34,2022/3/30,57
A15-A34,2022/3/31,58
A15-A34,2022/4/01,58
A15-A34,2022/4/02,58
A15-A34,2022/4/03,58
A15-A34,2022/4/04,61
A15-A34,2022/4/05,61
A15-A34,2022/4/06,61
A15-A34,2022/4/07,63
A15-A34,2022/4/08,65
A15-A34,2022/4/09,65
A15-A34,2022/4/10,65
A15-A34,2022/4/11,65
A15-A34,2022/4/12,65
A15-A34,2022/4/13,66
A15-A34,2022/4/14,67
A15-A34,2022/4/15,67
A15-A34,2022/4/16,67
A15-A34,2022/4/17,67
A15-A34,2022/4/18,67
A15-A34,2022/4/19,67
A15-A34,2022/4/20,67
A15-A34,2022/4/21,67
A15-A34,2022/4/22,69
A15-A34,2022/4/23,69
A15-A34,2022/4/24,69
A15-A34,2022/4/25,69
A15-A34,2022/4/26,70
A15-A34,2022/5/01,70
A15-A34,2022/5/02,70
A15-A34,2022/5/03,71
A15-A34,2022/5/04,71
A15-A34,2022/5/05,71
A15-A34,2022/5/06,71
A15-A34,2022/5/07,71
A15-A34,2022/5/08,71
A15-A34,2022/5/09,72
A15-A34,2022/5/10,72
A15-A34,2022/5/11,72
A15-A34,2022/5/12,72
A15-A34,2022/5/13,72
A15-A34,2022/5/14,72
A15-A34,2022/5/15,72
A15-A34,2022/5/16,72
A15-A34,2022/5/17,72
A15-A34,2022/5/18,72
A15-A34,2022/5/19,72
A15-A34,2022/5/20,72
A15-A34,2022/5/21,72
A15-A34,2022/5/22,73
A15-A34,2022/5/23,74
A15-A34,2022/5/24,75
A15-A34,2022/5/25,75
A15-A34,2022/5/26,76
A15-A34,2022/6/01,76
A15-A34,2022/6/02,76
A15-A34,2022/6/03,76
A15-A34,2022/6/04,76
A15-A34,2022/6/05,76
A15-A34,2022/6/06,76
A15-A34,2022/6/07,77
A15-A34,2022/6/08,77
A15-A34,2022/6/09,77
A15-A34,2022/6/10,77
A15-A34,2022/6/11,77
A15-A34,2022/6/12,77
A15-A34,2022/6/13,77
A15-A34,2022/6/14,78
A15-A34,2022/6/15,79
A15-A34,2022/6/16,79
A15-A34,2022/6/17,79
A15-A34,2022/6/18,79
A15-A34,2022/6/19,79
A15-A34,2022/6/20,80
A15-A34,2022/6/21,80
A15-A34,2022/6/22,80
A15-A34,2022/6/23,80
A15-A34,2022/6/24,80
A15-A34,2022/6/25,80
A15-A34,2022/6/26,80
A15-A34,2022/6/27,80
A15-A34,2022/6/28,81
A15-A34,2022/7/01,81
A15-A34,2022/7/02,81
A15-A34,2022/7/03,81
A15-A34,2022/7/04,81
A15-A34,2022/7/05,81
A15-A34,2022/7/06,81
A15-A34,2022/7/07,81
A15-A34,2022/7/08,81
A15-A34,2022/7/09,81
A15-A34,2022/7/10,81
A15-A34,2022/7/11,81
A15-A34,2022/7/12,81
A15-A34,2022/7/13,82
A15-A34,2022/7/14,83
A15-A34,2020/3/01,0
A15-A34,2020/3/02,0
A15-A34,2020/3/03,0
A15-A34,2020/3/04,0
A15-A34,2020/3/05,0
A15-A34,2020/3/06,0
A15-A34,2020/3/07,0
A15-A34,2020/3/08,0
A15-A34,2020/3/09,0
A15-A34,2020/3/10,0
A15-A34,2020/3/11,0
A15-A34,2020/3/12,0
A15-A34,2020/3/13,0
A15-A34,2020/3/14,0
A15-A34,2020/3/15,0
A15-A34,2020/3/16,0
A15-A34,2020/3/17,0
A15-A34,2020/3/18,1
A15-A34,2020/3/19,2
A15-A34,2020/3/20,2
A15-A34,2020/3/21,2
A15-A34,2020/3/22,2
A15-A34,2020/3/23,3
A15-A34,2020/3/24,3
A15-A34,2020/3/25,3
A15-A34,2020/3/26,4
A15-A34,2020/4/01,5
A15-A34,2020/4/02,5
A15-A34,2020/4/03,8
A15-A34,2020/4/04,8
A15-A34,2020/4/05,8
A15-A34,2020/4/06,8
A15-A34,2020/4/07,9
A15-A34,2020/4/08,10
A15-A34,2020/4/09,10
A15-A34,2020/4/10,10
A15-A34,2020/4/11,10
A15-A34,2020/4/12,10
A15-A34,2020/4/13,11
A15-A34,2020/4/14,11
A15-A34,2020/4/15,12
A15-A34,2020/4/16,12
A15-A34,2020/4/17,13
A15-A34,2020/4/18,13
A15-A34,2020/4/19,13
A15-A34,2020/4/20,15
A15-A34,2020/4/21,17
A15-A34,2020/4/22,17
A15-A34,2020/4/23,18
A15-A34,2020/4/24,18
A15-A34,2020/4/25,18
A15-A34,2020/4/26,18
A15-A34,2020/4/27,18
A15-A34,2020/4/28,19
A15-A34,2020/5/01,19
A15-A34,2020/5/02,19
A15-A34,2020/5/03,19
A15-A34,2020/5/04,19
A15-A34,2020/5/05,19
A15-A34,2020/5/06,19
A15-A34,2020/5/07,19
A15-A34,2020/5/08,19
A15-A34,2020/5/09,19
A15-A34,2020/5/10,19
A15-A34,2020/5/11,19
A15-A34,2020/5/12,19
A15-A34,2020/5/13,19
A15-A34,2020/5/14,19
A15-A34,2020/5/15,19
A15-A34,2020/5/16,19
A15-A34,2020/5/17,19
A15-A34,2020/5/18,19
A15-A34,2020/5/19,19
A15-A34,2020/5/20,19
A15-A34,2020/5/21,19
A15-A34,2020/5/22,20
A15-A34,2020/7/01,21
A15-A34,2020/7/02,21
A15-A34,2020/7/03,21
A15-A34,2020/7/04,21
A15-A34,2020/7/05,21
A15-A34,2020/7/06,22
A15-A34,2020/8/01,22
A15-A34,2020/8/02,22
A15-A34,2020/8/03,22
A15-A34,2020/8/04,22
A15-A34,2020/8/05,22
A15-A34,2020/8/06,22
A15-A34,2020/8/07,22
A15-A34,2020/8/08,22
A15-A34,2020/8/09,22
A15-A34,2020/8/10,22
A15-A34,2020/8/11,22
A15-A34,2020/8/12,22
A15-A34,2020/8/13,22
A15-A34,2020/8/14,22
A15-A34,2020/8/15,22
A15-A34,2020/8/16,22
A15-A34,2020/8/17,22
A15-A34,2020/8/18,22
A15-A34,2020/8/19,22
A15-A34,2020/8/20,22
A15-A34,2020/8/21,23
A15-A34,2020/9/01,23
A15-A34,2020/9/02,23
A15-A34,2020/9/03,23
A15-A34,2020/9/04,23
A15-A34,2020/9/05,23
A15-A34,2020/9/06,23
A15-A34,2020/9/07,23
A15-A34,2020/9/08,23
A15-A34,2020/9/09,23
A15-A34,2020/9/10,23
A15-A34,2020/9/11,23
A15-A34,2020/9/12,23
A15-A34,2020/9/13,23
A15-A34,2020/9/14,23
A15-A34,2020/9/15,23
A15-A34,2020/9/16,23
A15-A34,2020/9/17,23
A15-A34,2020/9/18,23
A15-A34,2020/9/19,23
A15-A34,2020/9/20,23
A15-A34,2020/9/21,23
A15-A34,2020/9/22,23
A15-A34,2020/9/23,24
A15-A34,2020/9/24,24
A15-A34,2020/9/25,24
A15-A34,2020/9/26,24
A15-A34,2020/9/27,24
A15-A34,2020/9/28,24
A15-A34,2020/9/29,25
A15-A34,2020/10/01,25
A15-A34,2020/10/02,25
A15-A34,2020/10/03,25
A15-A34,2020/10/04,25
A15-A34,2020/10/05,25
A15-A34,2020/10/06,25
A15-A34,2020/10/07,25
A15-A34,2020/10/08,25
A15-A34,2020/10/09,25
A15-A34,2020/10/10,25
A15-A34,2020/10/11,25
A15-A34,2020/10/12,25
A15-A34,2020/10/13,25
A15-A34,2020/10/14,25
A15-A34,2020/10/15,25
A15-A34,2020/10/16,25
A15-A34,2020/10/17,25
A15-A34,2020/10/18,25
A15-A34,2020/10/19,25
A15-A34,2020/10/20,25
A15-A34,2020/10/21,25
A15-A34,2020/10/22,25
A15-A34,2020/10/23,25
A15-A34,2020/10/24,25
A15-A34,2020/10/25,25
A15-A34,2020/10/26,26
A15-A34,2020/10/27,29
A15-A34,2020/10/28,30
A15-A34,2020/10/29,30
A15-A34,2020/10/30,31
A15-A34,2020/11/01,31
A15-A34,2020/11/02,32
A15-A34,2020/11/03,32
A15-A34,2020/11/04,33
A15-A34,2020/11/05,34
A15-A34,2020/11/06,36
A15-A34,2020/11/07,37
A15-A34,2020/11/08,37
A15-A34,2020/11/09,38
A15-A34,2020/11/10,38
A15-A34,2020/11/11,39
A15-A34,2020/11/12,40
A15-A34,2020/11/13,42
A15-A34,2020/11/14,42
A15-A34,2020/11/15,42
A15-A34,2020/11/16,42
A15-A34,2020/11/17,42
A15-A34,2020/11/18,42
A15-A34,2020/11/19,44
A15-A34,2020/11/20,44
A15-A34,2020/11/21,45
A15-A34,2020/11/22,45
A15-A34,2020/11/23,45
A15-A34,2020/11/24,46
A15-A34,2020/11/25,46
A15-A34,2020/11/26,46
A15-A34,2020/11/27,49
A15-A34,2020/12/01,52
A15-A34,2020/12/02,52
A15-A34,2020/12/03,52
A15-A34,2020/12/04,53
A15-A34,2020/12/05,54
A15-A34,2020/12/06,54
A15-A34,2020/12/07,54
A15-A34,2020/12/08,54
A15-A34,2020/12/09,55
A15-A34,2020/12/10,55
A15-A34,2020/12/11,55
A15-A34,2020/12/12,56
A15-A34,2020/12/13,56
A15-A34,2020/12/14,56
A15-A34,2020/12/15,58
A15-A34,2020/12/16,58
A15-A34,2020/12/17,60
A15-A34,2020/12/18,61
A15-A34,2020/12/19,62
A15-A34,2020/12/20,62
A15-A34,2020/12/21,63
A15-A34,2020/12/22,66
A15-A34,2020/12/23,67
A15-A34,2020/12/24,67
A15-A34,2020/12/25,67
A15-A34,2020/12/26,68
A15-A34,2020/12/27,68
A15-A34,2020/12/28,69
A15-A34,2020/12/29,70
A15-A34,2020/12/30,71
A05-A14,2021/2/01,0
A05-A14,2021/2/02,0
A05-A14,2021/2/03,0
A05-A14,2021/2/04,0
A05-A14,2021/2/05,0
A05-A14,2021/2/06,0
A05-A14,2021/2/07,0
A05-A14,2021/2/08,0
A05-A14,2021/2/09,0
A05-A14,2021/2/10,0
A05-A14,2021/2/11,0
A05-A14,2021/2/12,1
A05-A14,2021/4/01,1
A05-A14,2021/4/02,1
A05-A14,2021/4/03,1
A05-A14,2021/4/04,1
A05-A14,2021/4/05,1
A05-A14,2021/4/06,1
A05-A14,2021/4/07,1
A05-A14,2021/4/08,1
A05-A14,2021/4/09,1
A05-A14,2021/4/10,1
A05-A14,2021/4/11,1
A05-A14,2021/4/12,1
A05-A14,2021/4/13,1
A05-A14,2021/4/14,1
A05-A14,2021/4/15,1
A05-A14,2021/4/16,1
A05-A14,2021/4/17,1
A05-A14,2021/4/18,1
A05-A14,2021/4/19,1
A05-A14,2021/4/20,1
A05-A14,2021/4/21,1
A05-A14,2021/4/22,2
A05-A14,2021/9/01,2
A05-A14,2021/9/02,3
A05-A14,2021/9/03,3
A05-A14,2021/9/04,3
A05-A14,2021/9/05,3
A05-A14,2021/9/06,3
A05-A14,2021/9/07,4
A05-A14,2021/10/01,4
A05-A14,2021/10/02,4
A05-A14,2021/10/03,4
A05-A14,2021/10/04,4
A05-A14,2021/10/05,4
A05-A14,2021/10/06,4
A05-A14,2021/10/07,4
A05-A14,2021/10/08,4
A05-A14,2021/10/09,4
A05-A14,2021/10/10,4
A05-A14,2021/10/11,5
A05-A14,2021/10/12,5
A05-A14,2021/10/13,5
A05-A14,2021/10/14,5
A05-A14,2021/10/15,5
A05-A14,2021/10/16,5
A05-A14,2021/10/17,5
A05-A14,2021/10/18,5
A05-A14,2021/10/19,5
A05-A14,2021/10/20,5
A05-A14,2021/10/21,5
A05-A14,2021/10/22,5
A05-A14,2021/10/23,5
A05-A14,2021/10/24,5
A05-A14,2021/10/25,5
A05-A14,2021/10/26,6
A05-A14,2021/10/27,6
A05-A14,2021/10/28,7
A05-A14,2021/11/01,7
A05-A14,2021/11/02,7
A05-A14,2021/11/03,7
A05-A14,2021/11/04,7
A05-A14,2021/11/05,7
A05-A14,2021/11/06,7
A05-A14,2021/11/07,7
A05-A14,2021/11/08,7
A05-A14,2021/11/09,7
A05-A14,2021/11/10,8
A05-A14,2021/11/11,8
A05-A14,2021/11/12,9
A05-A14,2021/11/13,9
A05-A14,2021/11/14,9
A05-A14,2021/11/15,9
A05-A14,2021/11/16,9
A05-A14,2021/11/17,9
A05-A14,2021/11/18,9
A05-A14,2021/11/19,9
A05-A14,2021/11/20,9
A05-A14,2021/11/21,9
A05-A14,2021/11/22,9
A05-A14,2021/11/23,9
A05-A14,2021/11/24,9
A05-A14,2021/11/25,10
A05-A14,2021/12/01,10
A05-A14,2021/12/02,10
A05-A14,2021/12/03,10
A05-A14,2021/12/04,11
A05-A14,2021/12/05,12
A05-A14,2021/12/06,12
A05-A14,2021/12/07,12
A05-A14,2021/12/08,12
A05-A14,2021/12/09,12
A05-A14,2021/12/10,12
A05-A14,2021/12/11,12
A05-A14,2021/12/12,12
A05-A14,2021/12/13,12
A05-A14,2021/12/14,12
A05-A14,2021/12/15,12
A05-A14,2021/12/16,12
A05-A14,2021/12/17,12
A05-A14,2021/12/18,12
A05-A14,2021/12/19,12
A05-A14,2021/12/20,12
A05-A14,2021/12/21,12
A05-A14,2021/12/22,12
A05-A14,2021/12/23,12
A05-A14,2021/12/24,12
A05-A14,2021/12/25,12
A05-A14,2021/12/26,12
A05-A14,2021/12/27,12
A05-A14,2021/12/28,13
A35-A59,2021/1/01,12
A35-A59,2021/1/02,32
A35-A59,2021/1/03,46
A35-A59,2021/1/04,67
A35-A59,2021/1/05,90
A35-A59,2021/1/06,120
A35-A59,2021/1/07,150
A35-A59,2021/1/08,175
A35-A59,2021/1/09,192
A35-A59,2021/1/10,199
A35-A59,2021/1/11,223
A35-A59,2021/1/12,244
A35-A59,2021/1/13,263
A35-A59,2021/1/14,281
A35-A59,2021/1/15,297
A35-A59,2021/1/16,310
A35-A59,2021/1/17,322
A35-A59,2021/1/18,338
A35-A59,2021/1/19,353
A35-A59,2021/1/20,370
A35-A59,2021/1/21,386
A35-A59,2021/1/22,412
A35-A59,2021/1/23,424
A35-A59,2021/1/24,432
A35-A59,2021/1/25,443
A35-A59,2021/1/26,455
A35-A59,2021/1/27,480
A35-A59,2021/1/28,495
A35-A59,2021/1/29,506
A35-A59,2021/1/30,519
A35-A59,2021/1/31,523
A35-A59,2021/2/01,533
A35-A59,2021/2/02,544
A35-A59,2021/2/03,561
A35-A59,2021/2/04,576
A35-A59,2021/2/05,589
A35-A59,2021/2/06,595
A35-A59,2021/2/07,596
A35-A59,2021/2/08,604
A35-A59,2021/2/09,616
A35-A59,2021/2/10,631
A35-A59,2021/2/11,642
A35-A59,2021/2/12,655
A35-A59,2021/2/13,664
A35-A59,2021/2/14,667
A35-A59,2021/2/15,677
A35-A59,2021/2/16,687
A35-A59,2021/2/17,699
A35-A59,2021/2/18,708
A35-A59,2021/2/19,719
A35-A59,2021/2/20,725
A35-A59,2021/2/21,729
A35-A59,2021/2/22,736
A35-A59,2021/2/23,747
A35-A59,2021/2/24,763
A35-A59,2021/2/25,771
A35-A59,2021/2/26,782
A35-A59,2021/2/27,789
A35-A59,2021/2/28,793
A35-A59,2021/3/01,798
A35-A59,2021/3/02,816
A35-A59,2021/3/03,824
A35-A59,2021/3/04,832
A35-A59,2021/3/05,846
A35-A59,2021/3/06,859
A35-A59,2021/3/07,862
A35-A59,2021/3/08,873
A35-A59,2021/3/09,886
A35-A59,2021/3/10,911
A35-A59,2021/3/11,929
A35-A59,2021/3/12,947
A35-A59,2021/3/13,958
A35-A59,2021/3/14,965
A35-A59,2021/3/15,972
A35-A59,2021/3/16,1001
A35-A59,2021/3/17,1023
A35-A59,2021/3/18,1042
A35-A59,2021/3/19,1062
A35-A59,2021/3/20,1073
A35-A59,2021/3/21,1081
A35-A59,2021/3/22,1092
A35-A59,2021/3/23,1124
A35-A59,2021/3/24,1153
A35-A59,2021/3/25,1182
A35-A59,2021/3/26,1204
A35-A59,2021/3/27,1221
A35-A59,2021/3/28,1232
A35-A59,2021/3/29,1252
A35-A59,2021/3/30,1277
A35-A59,2021/3/31,1310
A35-A59,2021/4/01,1333
A35-A59,2021/4/02,1351
A35-A59,2021/4/03,1364
A35-A59,2021/4/04,1376
A35-A59,2021/4/05,1387
A35-A59,2021/4/06,1411
A35-A59,2021/4/07,1446
A35-A59,2021/4/08,1474
A35-A59,2021/4/09,1501
A35-A59,2021/4/10,1521
A35-A59,2021/4/11,1535
A35-A59,2021/4/12,1561
A35-A59,2021/4/13,1585
A35-A59,2021/4/14,1610
A35-A59,2021/4/15,1634
A35-A59,2021/4/16,1668
A35-A59,2021/4/17,1696
A35-A59,2021/4/18,1704
A35-A59,2021/4/19,1722
A35-A59,2021/4/20,1752
A35-A59,2021/4/21,1789
A35-A59,2021/4/22,1831
A35-A59,2021/4/23,1864
A35-A59,2021/4/24,1881
A35-A59,2021/4/25,1892
A35-A59,2021/4/26,1910
A35-A59,2021/4/27,1941
A35-A59,2021/4/28,1959
A35-A59,2021/4/29,1983
A35-A59,2021/4/30,2002
A35-A59,2021/5/01,2022
A35-A59,2021/5/02,2030
A35-A59,2021/5/03,2045
A35-A59,2021/5/04,2069
A35-A59,2021/5/05,2089
A35-A59,2021/5/06,2103
A35-A59,2021/5/07,2114
A35-A59,2021/5/08,2128
A35-A59,2021/5/09,2136
A35-A59,2021/5/10,2151
A35-A59,2021/5/11,2169
A35-A59,2021/5/12,2181
A35-A59,2021/5/13,2189
A35-A59,2021/5/14,2192
A35-A59,2021/5/15,2198
A35-A59,2021/5/16,2202
A35-A59,2021/5/17,2211
A35-A59,2021/5/18,2220
A35-A59,2021/5/19,2223
A35-A59,2021/5/20,2226
A35-A59,2021/5/21,2231
A35-A59,2021/5/22,2237
A35-A59,2021/5/23,2241
A35-A59,2021/5/24,2243
A35-A59,2021/5/25,2245
A35-A59,2021/5/26,2251
A35-A59,2021/5/27,2253
A35-A59,2021/5/28,2254
A35-A59,2021/5/29,2257
A35-A59,2021/5/30,2259
A35-A59,2021/5/31,2266
A35-A59,2021/6/01,2270
A35-A59,2021/6/02,2274
A35-A59,2021/6/03,2276
A35-A59,2021/6/04,2276
A35-A59,2021/6/05,2278
A35-A59,2021/6/06,2282
A35-A59,2021/6/07,2282
A35-A59,2021/6/08,2284
A35-A59,2021/6/09,2286
A35-A59,2021/6/10,2289
A35-A59,2021/6/11,2292
A35-A59,2021/6/12,2293
A35-A59,2021/6/13,2295
A35-A59,2021/6/14,2298
A35-A59,2021/6/15,2301
A35-A59,2021/6/16,2302
A35-A59,2021/6/17,2303
A35-A59,2021/6/18,2303
A35-A59,2021/6/19,2303
A35-A59,2021/6/20,2303
A35-A59,2021/6/21,2303
A35-A59,2021/6/22,2304
A35-A59,2021/6/23,2304
A35-A59,2021/6/24,2306
A35-A59,2021/6/25,2307
A35-A59,2021/6/26,2307
A35-A59,2021/6/27,2307
A35-A59,2021/6/28,2307
A35-A59,2021/6/29,2308
A35-A59,2021/7/01,2309
A35-A59,2021/7/02,2309
A35-A59,2021/7/03,2309
A35-A59,2021/7/04,2310
A35-A59,2021/7/05,2312
A35-A59,2021/7/06,2313
A35-A59,2021/7/07,2313
A35-A59,2021/7/08,2314
A35-A59,2021/7/09,2314
A35-A59,2021/7/10,2315
A35-A59,2021/7/11,2315
A35-A59,2021/7/12,2316
A35-A59,2021/7/13,2316
A35-A59,2021/7/14,2317
A35-A59,2021/7/15,2318
A35-A59,2021/7/16,2318
A35-A59,2021/7/17,2318
A35-A59,2021/7/18,2319
A35-A59,2021/7/19,2319
A35-A59,2021/7/20,2321
A35-A59,2021/7/21,2323
A35-A59,2021/7/22,2324
A35-A59,2021/7/23,2325
A35-A59,2021/7/24,2327
A35-A59,2021/7/25,2327
A35-A59,2021/7/26,2330
A35-A59,2021/7/27,2330
A35-A59,2021/7/28,2335
A35-A59,2021/7/29,2337
A35-A59,2021/7/30,2341
A35-A59,2021/7/31,2343
A35-A59,2021/8/01,2344
A35-A59,2021/8/02,2344
A35-A59,2021/8/03,2346
A35-A59,2021/8/04,2348
A35-A59,2021/8/05,2351
A35-A59,2021/8/06,2355
A35-A59,2021/8/07,2356
A35-A59,2021/8/08,2356
A35-A59,2021/8/09,2362
A35-A59,2021/8/10,2370
A35-A59,2021/8/11,2372
A35-A59,2021/8/12,2377
A35-A59,2021/8/13,2380
A35-A59,2021/8/14,2386
A35-A59,2021/8/15,2390
A35-A59,2021/8/16,2395
A35-A59,2021/8/17,2400
A35-A59,2021/8/18,2405
A35-A59,2021/8/19,2413
A35-A59,2021/8/20,2422
A35-A59,2021/8/21,2428
A35-A59,2021/8/22,2429
A35-A59,2021/8/23,2435
A35-A59,2021/8/24,2443
A35-A59,2021/8/25,2451
A35-A59,2021/8/26,2459
A35-A59,2021/8/27,2468
A35-A59,2021/8/28,2477
A35-A59,2021/8/29,2483
A35-A59,2021/8/30,2493
A35-A59,2021/8/31,2513
A35-A59,2021/9/01,2524
A35-A59,2021/9/02,2543
A35-A59,2021/9/03,2558
A35-A59,2021/9/04,2568
A35-A59,2021/9/05,2571
A35-A59,2021/9/06,2577
A35-A59,2021/9/07,2591
A35-A59,2021/9/08,2603
A35-A59,2021/9/09,2615
A35-A59,2021/9/10,2624
A35-A59,2021/9/11,2630
A35-A59,2021/9/12,2633
A35-A59,2021/9/13,2642
A35-A59,2021/9/14,2652
A35-A59,2021/9/15,2657
A35-A59,2021/9/16,2665
A35-A59,2021/9/17,2672
A35-A59,2021/9/18,2675
A35-A59,2021/9/19,2679
A35-A59,2021/9/20,2681
A35-A59,2021/9/21,2686
A35-A59,2021/9/22,2696
A35-A59,2021/9/23,2701
A35-A59,2021/9/24,2704
A35-A59,2021/9/25,2706
A35-A59,2021/9/26,2707
A35-A59,2021/9/27,2710
A35-A59,2021/9/28,2726
A35-A59,2021/9/29,2737
A35-A59,2021/9/30,2745
A35-A59,2021/10/01,2751
A35-A59,2021/10/02,2759
A35-A59,2021/10/03,2762
A35-A59,2021/10/04,2769
A35-A59,2021/10/05,2777
A35-A59,2021/10/06,2788
A35-A59,2021/10/07,2792
A35-A59,2021/10/08,2799
A35-A59,2021/10/09,2804
A35-A59,2021/10/10,2809
A35-A59,2021/10/11,2812
A35-A59,2021/10/12,2824
A35-A59,2021/10/13,2834
A35-A59,2021/10/14,2844
A35-A59,2021/10/15,2854
A35-A59,2021/10/16,2857
A35-A59,2021/10/17,2857
A35-A59,2021/10/18,2863
A35-A59,2021/10/19,2876
A35-A59,2021/10/20,2888
A35-A59,2021/10/21,2898
A35-A59,2021/10/22,2912
A35-A59,2021/10/23,2925
A35-A59,2021/10/24,2931
A35-A59,2021/10/25,2947
A35-A59,2021/10/26,2967
A35-A59,2021/10/27,2987
A35-A59,2021/10/28,3007
A35-A59,2021/10/29,3021
A35-A59,2021/10/30,3037
A35-A59,2021/10/31,3047
A35-A59,2021/11/01,3060
A35-A59,2021/11/02,3082
A35-A59,2021/11/03,3097
A35-A59,2021/11/04,3127
A35-A59,2021/11/05,3143
A35-A59,2021/11/06,3149
A35-A59,2021/11/07,3158
A35-A59,2021/11/08,3174
A35-A59,2021/11/09,3203
A35-A59,2021/11/10,3235
A35-A59,2021/11/11,3257
A35-A59,2021/11/12,3287
A35-A59,2021/11/13,3315
A35-A59,2021/11/14,3320
A35-A59,2021/11/15,3344
A35-A59,2021/11/16,3389
A35-A59,2021/11/17,3423
A35-A59,2021/11/18,3463
A35-A59,2021/11/19,3486
A35-A59,2021/11/20,3501
A35-A59,2021/11/21,3518
A35-A59,2021/11/22,3554
A35-A59,2021/11/23,3606
A35-A59,2021/11/24,3643
A35-A59,2021/11/25,3682
A35-A59,2021/11/26,3722
A35-A59,2021/11/27,3745
A35-A59,2021/11/28,3770
A35-A59,2021/11/29,3802
A35-A59,2021/11/30,3845
A35-A59,2021/12/01,3885
A35-A59,2021/12/02,3930
A35-A59,2021/12/03,3967
A35-A59,2021/12/04,3991
A35-A59,2021/12/05,4007
A35-A59,2021/12/06,4043
A35-A59,2021/12/07,4080
A35-A59,2021/12/08,4110
A35-A59,2021/12/09,4142
A35-A59,2021/12/10,4167
A35-A59,2021/12/11,4190
A35-A59,2021/12/12,4203
A35-A59,2021/12/13,4223
A35-A59,2021/12/14,4247
A35-A59,2021/12/15,4270
A35-A59,2021/12/16,4297
A35-A59,2021/12/17,4319
A35-A59,2021/12/18,4339
A35-A59,2021/12/19,4343
A35-A59,2021/12/20,4361
A35-A59,2021/12/21,4387
A35-A59,2021/12/22,4399
A35-A59,2021/12/23,4415
A35-A59,2021/12/24,4427
A35-A59,2021/12/25,4431
A35-A59,2021/12/26,4439
A35-A59,2021/12/27,4450
A35-A59,2021/12/28,4465
A35-A59,2021/12/29,4478
A35-A59,2021/12/30,4489
A35-A59,2021/12/31,4494
A80+,2022/1/01,29
A80+,2022/1/02,61
A80+,2022/1/03,153
A80+,2022/1/04,254
A80+,2022/1/05,345
A80+,2022/1/06,421
A80+,2022/1/07,495
A80+,2022/1/08,535
A80+,2022/1/09,554
A80+,2022/1/10,612
A80+,2022/1/11,681
A80+,2022/1/12,754
A80+,2022/1/13,830
A80+,2022/1/14,892
A80+,2022/1/15,939
A80+,2022/1/16,969
A80+,2022/1/17,1060
A80+,2022/1/18,1138
A80+,2022/1/19,1221
A80+,2022/1/20,1323
A80+,2022/1/21,1411
A80+,2022/1/22,1479
A80+,2022/1/23,1529
A80+,2022/1/24,1624
A80+,2022/1/25,1738
A80+,2022/1/26,1841
A80+,2022/1/27,1958
A80+,2022/1/28,2070
A80+,2022/1/29,2165
A80+,2022/1/30,2219
A80+,2022/1/31,2346
A80+,2022/2/01,2511
A80+,2022/2/02,2689
A80+,2022/2/03,2862
A80+,2022/2/04,3013
A80+,2022/2/05,3121
A80+,2022/2/06,3188
A80+,2022/2/07,3352
A80+,2022/2/08,3549
A80+,2022/2/09,3738
A80+,2022/2/10,3955
A80+,2022/2/11,4129
A80+,2022/2/12,4249
A80+,2022/2/13,4323
A80+,2022/2/14,4484
A80+,2022/2/15,4664
A80+,2022/2/16,4887
A80+,2022/2/17,5116
A80+,2022/2/18,5283
A80+,2022/2/19,5419
A80+,2022/2/20,5483
A80+,2022/2/21,5633
A80+,2022/2/22,5815
A80+,2022/2/23,6012
A80+,2022/2/24,6193
A80+,2022/2/25,6367
A80+,2022/2/26,6470
A80+,2022/2/27,6528
A80+,2022/2/28,6676
A80+,2022/3/01,6880
A80+,2022/3/02,7083
A80+,2022/3/03,7275
A80+,2022/3/04,7434
A80+,2022/3/05,7531
A80+,2022/3/06,7611
A80+,2022/3/07,7799
A80+,2022/3/08,7989
A80+,2022/3/09,8196
A80+,2022/3/10,8387
A80+,2022/3/11,8597
A80+,2022/3/12,8711
A80+,2022/3/13,8780
A80+,2022/3/14,8958
A80+,2022/3/15,9182
A80+,2022/3/16,9423
A80+,2022/3/17,9661
A80+,2022/3/18,9860
A80+,2022/3/19,9969
A80+,2022/3/20,10034
A80+,2022/3/21,10238
A80+,2022/3/22,10461
A80+,2022/3/23,10664
A80+,2022/3/24,10854
A80+,2022/3/25,11039
A80+,2022/3/26,11140
A80+,2022/3/27,11210
A80+,2022/3/28,11367
A80+,2022/3/29,11542
A80+,2022/3/30,11731
A80+,2022/3/31,11908
A80+,2022/4/01,12073
A80+,2022/4/02,12141
A80+,2022/4/03,12180
A80+,2022/4/04,12330
A80+,2022/4/05,12503
A80+,2022/4/06,12653
A80+,2022/4/07,12796
A80+,2022/4/08,12905
A80+,2022/4/09,12960
A80+,2022/4/10,12996
A80+,2022/4/11,13129
A80+,2022/4/12,13254
A80+,2022/4/13,13377
A80+,2022/4/14,13506
A80+,2022/4/15,13546
A80+,2022/4/16,13590
A80+,2022/4/17,13630
A80+,2022/4/18,13670
A80+,2022/4/19,13800
A80+,2022/4/20,13911
A80+,2022/4/21,14006
A80+,2022/4/22,14081
A80+,2022/4/23,14112
A80+,2022/4/24,14129
A80+,2022/4/25,14232
A80+,2022/4/26,14312
A80+,2022/4/27,14397
A80+,2022/4/28,14464
A80+,2022/4/29,14510
A80+,2022/4/30,14531
A80+,2022/5/01,14541
A80+,2022/5/02,14620
A80+,2022/5/03,14695
A80+,2022/5/04,14745
A80+,2022/5/05,14795
A80+,2022/5/06,14835
A80+,2022/5/07,14846
A80+,2022/5/08,14859
A80+,2022/5/09,14906
A80+,2022/5/10,14970
A80+,2022/5/11,15008
A80+,2022/5/12,15048
A80+,2022/5/13,15081
A80+,2022/5/14,15093
A80+,2022/5/15,15096
A80+,2022/5/16,15139
A80+,2022/5/17,15176
A80+,2022/5/18,15213
A80+,2022/5/19,15238
A80+,2022/5/20,15256
A80+,2022/5/21,15269
A80+,2022/5/22,15273
A80+,2022/5/23,15314
A80+,2022/5/24,15336
A80+,2022/5/25,15354
A80+,2022/5/26,15359
A80+,2022/5/27,15376
A80+,2022/5/28,15379
A80+,2022/5/29,15384
A80+,2022/5/30,15408
A80+,2022/5/31,15437
A80+,2022/6/01,15463
A80+,2022/6/02,15481
A80+,2022/6/03,15500
A80+,2022/6/04,15503
A80+,2022/6/05,15511
A80+,2022/6/06,15517
A80+,2022/6/07,15558
A80+,2022/6/08,15588
A80+,2022/6/09,15610
A80+,2022/6/10,15645
A80+,2022/6/11,15649
A80+,2022/6/12,15654
A80+,2022/6/13,15687
A80+,2022/6/14,15727
A80+,2022/6/15,15761
A80+,2022/6/16,15779
A80+,2022/6/17,15816
A80+,2022/6/18,15821
A80+,2022/6/19,15831
A80+,2022/6/20,15884
A80+,2022/6/21,15921
A80+,2022/6/22,15962
A80+,2022/6/23,16000
A80+,2022/6/24,16045
A80+,2022/6/25,16060
A80+,2022/6/26,16067
A80+,2022/6/27,16119
A80+,2022/6/28,16162
A80+,2022/6/29,16204
A80+,2022/6/30,16237
A80+,2022/7/01,16260
A80+,2022/7/02,16264
A80+,2022/7/03,16269
A80+,2022/7/04,16312
A80+,2022/7/05,16341
A80+,2022/7/06,16369
A80+,2022/7/07,16385
A80+,2022/7/08,16400
A80+,2022/7/09,16406
A80+,2022/7/10,16408
A80+,2022/7/11,16437
A80+,2022/7/12,16453
A80+,2022/7/13,16460
A80+,2022/7/14,16465
A80+,2022/7/15,16467
A35-A59,2022/1/01,10
A35-A59,2022/1/02,16
A35-A59,2022/1/03,23
A35-A59,2022/1/04,36
A35-A59,2022/1/05,47
A35-A59,2022/1/06,57
A35-A59,2022/1/07,67
A35-A59,2022/1/08,74
A35-A59,2022/1/09,79
A35-A59,2022/1/10,87
A35-A59,2022/1/11,99
A35-A59,2022/1/12,109
A35-A59,2022/1/13,116
A35-A59,2022/1/14,120
A35-A59,2022/1/15,124
A35-A59,2022/1/16,129
A35-A59,2022/1/17,138
A35-A59,2022/1/18,152
A35-A59,2022/1/19,166
A35-A59,2022/1/20,174
A35-A59,2022/1/21,177
A35-A59,2022/1/22,186
A35-A59,2022/1/23,189
A35-A59,2022/1/24,200
A35-A59,2022/1/25,210
A35-A59,2022/1/26,218
A35-A59,2022/1/27,226
A35-A59,2022/1/28,232
A35-A59,2022/1/29,234
A35-A59,2022/1/30,234
A35-A59,2022/1/31,246
A35-A59,2022/2/01,259
A35-A59,2022/2/02,273
A35-A59,2022/2/03,279
A35-A59,2022/2/04,293
A35-A59,2022/2/05,298
A35-A59,2022/2/06,301
A35-A59,2022/2/07,311
A35-A59,2022/2/08,320
A35-A59,2022/2/09,341
A35-A59,2022/2/10,350
A35-A59,2022/2/11,356
A35-A59,2022/2/12,364
A35-A59,2022/2/13,367
A35-A59,2022/2/14,378
A35-A59,2022/2/15,394
A35-A59,2022/2/16,402
A35-A59,2022/2/17,413
A35-A59,2022/2/18,427
A35-A59,2022/2/19,430
A35-A59,2022/2/20,436
A35-A59,2022/2/21,450
A35-A59,2022/2/22,460
A35-A59,2022/2/23,467
A35-A59,2022/2/24,477
A35-A59,2022/2/25,480
A35-A59,2022/2/26,483
A35-A59,2022/2/27,485
A35-A59,2022/2/28,491
A35-A59,2022/3/01,494
A35-A59,2022/3/02,506
A35-A59,2022/3/03,514
A35-A59,2022/3/04,525
A35-A59,2022/3/05,531
A35-A59,2022/3/06,538
A35-A59,2022/3/07,545
A35-A59,2022/3/08,558
A35-A59,2022/3/09,571
A35-A59,2022/3/10,577
A35-A59,2022/3/11,589
A35-A59,2022/3/12,594
A35-A59,2022/3/13,596
A35-A59,2022/3/14,607
A35-A59,2022/3/15,617
A35-A59,2022/3/16,630
A35-A59,2022/3/17,641
A35-A59,2022/3/18,656
A35-A59,2022/3/19,657
A35-A59,2022/3/20,660
A35-A59,2022/3/21,680
A35-A59,2022/3/22,696
A35-A59,2022/3/23,703
A35-A59,2022/3/24,717
A35-A59,2022/3/25,728
A35-A59,2022/3/26,736
A35-A59,2022/3/27,741
A35-A59,2022/3/28,751
A35-A59,2022/3/29,758
A35-A59,2022/3/30,766
A35-A59,2022/3/31,777
A35-A59,2022/4/01,788
A35-A59,2022/4/02,791
A35-A59,2022/4/03,791
A35-A59,2022/4/04,804
A35-A59,2022/4/05,812
A35-A59,2022/4/06,819
A35-A59,2022/4/07,828
A35-A59,2022/4/08,836
A35-A59,2022/4/09,840
A35-A59,2022/4/10,842
A35-A59,2022/4/11,853
A35-A59,2022/4/12,864
A35-A59,2022/4/13,871
A35-A59,2022/4/14,881
A35-A59,2022/4/15,888
A35-A59,2022/4/16,891
A35-A59,2022/4/17,892
A35-A59,2022/4/18,893
A35-A59,2022/4/19,900
A35-A59,2022/4/20,905
A35-A59,2022/4/21,916
A35-A59,2022/4/22,927
A35-A59,2022/4/23,931
A35-A59,2022/4/24,931
A35-A59,2022/4/25,938
A35-A59,2022/4/26,942
A35-A59,2022/4/27,944
A35-A59,2022/4/28,950
A35-A59,2022/4/29,953
A35-A59,2022/5/01,953
A35-A59,2022/5/02,961
A35-A59,2022/5/03,966
A35-A59,2022/5/04,970
A35-A59,2022/5/05,973
A35-A59,2022/5/06,976
A35-A59,2022/5/07,977
A35-A59,2022/5/08,978
A35-A59,2022/5/09,985
A35-A59,2022/5/10,988
A35-A59,2022/5/11,991
A35-A59,2022/5/12,995
A35-A59,2022/5/13,997
A35-A59,2022/5/14,997
A35-A59,2022/5/15,997
A35-A59,2022/5/16,999
A35-A59,2022/5/17,1001
A35-A59,2022/5/18,1001
A35-A59,2022/5/19,1003
A35-A59,2022/5/20,1005
A35-A59,2022/5/21,1005
A35-A59,2022/5/22,1006
A35-A59,2022/5/23,1006
A35-A59,2022/5/24,1010
A35-A59,2022/5/25,1012
A35-A59,2022/5/26,1012
A35-A59,2022/5/27,1013
A35-A59,2022/5/28,1014
A35-A59,2022/5/29,1014
A35-A59,2022/5/30,1015
A35-A59,2022/6/01,1016
A35-A59,2022/6/02,1016
A35-A59,2022/6/03,1018
A35-A59,2022/6/04,1019
A35-A59,2022/6/05,1019
A35-A59,2022/6/06,1019
A35-A59,2022/6/07,1022
A35-A59,2022/6/08,1027
A35-A59,2022/6/09,1028
A35-A59,2022/6/10,1029
A35-A59,2022/6/11,1029
A35-A59,2022/6/12,1029
A35-A59,2022/6/13,1030
A35-A59,2022/6/14,1032
A35-A59,2022/6/15,1034
A35-A59,2022/6/16,1035
A35-A59,2022/6/17,1037
A35-A59,2022/6/18,1040
A35-A59,2022/6/19,1042
A35-A59,2022/6/20,1046
A35-A59,2022/6/21,1048
A35-A59,2022/6/22,1048
A35-A59,2022/6/23,1050
A35-A59,2022/6/24,1053
A35-A59,2022/6/25,1053
A35-A59,2022/6/26,1053
A35-A59,2022/6/27,1055
A35-A59,2022/6/28,1058
A35-A59,2022/6/29,1058
A35-A59,2022/6/30,1060
A35-A59,2022/7/01,1061
A35-A59,2022/7/02,1061
A35-A59,2022/7/03,1061
A35-A59,2022/7/04,1066
A35-A59,2022/7/05,1069
A35-A59,2022/7/06,1078
A35-A59,2022/7/07,1078
A35-A59,2022/7/08,1081
A35-A59,2022/7/09,1081
A35-A59,2022/7/10,1081
A35-A59,2022/7/11,1081
A35-A59,2022/7/12,1084
A35-A59,2022/7/13,1085
A35-A59,2022/7/14,1085
A35-A59,2022/7/15,1087
A00-A04,2021/1/01,0
A00-A04,2021/1/02,1
A00-A04,2021/1/03,1
A00-A04,2021/1/04,2
A00-A04,2021/2/01,2
A00-A04,2021/2/02,2
A00-A04,2021/2/03,2
A00-A04,2021/2/04,2
A00-A04,2021/2/05,2
A00-A04,2021/2/06,2
A00-A04,2021/2/07,2
A00-A04,2021/2/08,2
A00-A04,2021/2/09,2
A00-A04,2021/2/10,3
A00-A04,2021/3/01,3
A00-A04,2021/3/02,3
A00-A04,2021/3/03,3
A00-A04,2021/3/04,3
A00-A04,2021/3/05,3
A00-A04,2021/3/06,3
A00-A04,2021/3/07,3
A00-A04,2021/3/08,3
A00-A04,2021/3/09,3
A00-A04,2021/3/10,3
A00-A04,2021/3/11,3
A00-A04,2021/3/12,3
A00-A04,2021/3/13,3
A00-A04,2021/3/14,3
A00-A04,2021/3/15,3
A00-A04,2021/3/16,3
A00-A04,2021/3/17,3
A00-A04,2021/3/18,4
A00-A04,2021/4/01,4
A00-A04,2021/4/02,4
A00-A04,2021/4/03,4
A00-A04,2021/4/04,4
A00-A04,2021/4/05,4
A00-A04,2021/4/06,4
A00-A04,2021/4/07,4
A00-A04,2021/4/08,4
A00-A04,2021/4/09,4
A00-A04,2021/4/10,4
A00-A04,2021/4/11,4
A00-A04,2021/4/12,4
A00-A04,2021/4/13,4
A00-A04,2021/4/14,4
A00-A04,2021/4/15,4
A00-A04,2021/4/16,4
A00-A04,2021/4/17,4
A00-A04,2021/4/18,4
A00-A04,2021/4/19,4
A00-A04,2021/4/20,4
A00-A04,2021/4/21,5
A00-A04,2021/5/01,5
A00-A04,2021/5/02,6
A00-A04,2021/5/03,6
A00-A04,2021/5/04,6
A00-A04,2021/5/05,6
A00-A04,2021/5/06,6
A00-A04,2021/5/07,6
A00-A04,2021/5/08,6
A00-A04,2021/5/09,6
A00-A04,2021/5/10,6
A00-A04,2021/5/11,6
A00-A04,2021/5/12,6
A00-A04,2021/5/13,6
A00-A04,2021/5/14,6
A00-A04,2021/5/15,7
A00-A04,2021/5/16,7
A00-A04,2021/5/17,7
A00-A04,2021/5/18,8
A00-A04,2021/6/01,8
A00-A04,2021/6/02,8
A00-A04,2021/6/03,8
A00-A04,2021/6/04,8
A00-A04,2021/6/05,8
A00-A04,2021/6/06,8
A00-A04,2021/6/07,8
A00-A04,2021/6/08,8
A00-A04,2021/6/09,8
A00-A04,2021/6/10,8
A00-A04,2021/6/11,8
A00-A04,2021/6/12,8
A00-A04,2021/6/13,8
A00-A04,2021/6/14,8
A00-A04,2021/6/15,8
A00-A04,2021/6/16,8
A00-A04,2021/6/17,8
A00-A04,2021/6/18,9
A00-A04,2021/8/01,9
A00-A04,2021/8/02,9
A00-A04,2021/8/03,9
A00-A04,2021/8/04,9
A00-A04,2021/8/05,9
A00-A04,2021/8/06,9
A00-A04,2021/8/07,9
A00-A04,2021/8/08,9
A00-A04,2021/8/09,9
A00-A04,2021/8/10,9
A00-A04,2021/8/11,9
A00-A04,2021/8/12,9
A00-A04,2021/8/13,9
A00-A04,2021/8/14,9
A00-A04,2021/8/15,9
A00-A04,2021/8/16,9
A00-A04,2021/8/17,9
A00-A04,2021/8/18,9
A00-A04,2021/8/19,9
A00-A04,2021/8/20,10
A00-A04,2021/8/21,10
A00-A04,2021/8/22,10
A00-A04,2021/8/23,10
A00-A04,2021/8/24,10
A00-A04,2021/8/25,10
A00-A04,2021/8/26,10
A00-A04,2021/8/27,10
A00-A04,2021/8/28,10
A00-A04,2021/8/29,10
A00-A04,2021/8/30,11
A00-A04,2021/10/01,11
A00-A04,2021/10/02,11
A00-A04,2021/10/03,11
A00-A04,2021/10/04,11
A00-A04,2021/10/05,11
A00-A04,2021/10/06,11
A00-A04,2021/10/07,11
A00-A04,2021/10/08,11
A00-A04,2021/10/09,12
A00-A04,2021/11/01,12
A00-A04,2021/11/02,12
A00-A04,2021/11/03,12
A00-A04,2021/11/04,12
A00-A04,2021/11/05,12
A00-A04,2021/11/06,12
A00-A04,2021/11/07,12
A00-A04,2021/11/08,12
A00-A04,2021/11/09,12
A00-A04,2021/11/10,12
A00-A04,2021/11/11,12
A00-A04,2021/11/12,12
A00-A04,2021/11/13,12
A00-A04,2021/11/14,12
A00-A04,2021/11/15,12
A00-A04,2021/11/16,12
A00-A04,2021/11/17,12
A00-A04,2021/11/18,13
A00-A04,2021/11/19,13
A00-A04,2021/11/20,13
A00-A04,2021/11/21,13
A00-A04,2021/11/22,13
A00-A04,2021/11/23,13
A00-A04,2021/11/24,13
A00-A04,2021/11/25,13
A00-A04,2021/11/26,13
A00-A04,2021/11/27,13
A00-A04,2021/11/28,13
A00-A04,2021/11/29,13
A00-A04,2021/11/30,14
A00-A04,2021/12/01,14
A00-A04,2021/12/02,14
A00-A04,2021/12/03,14
A00-A04,2021/12/04,14
A00-A04,2021/12/05,14
A00-A04,2021/12/06,15
A00-A04,2021/12/07,15
A00-A04,2021/12/08,15
A00-A04,2021/12/09,15
A00-A04,2021/12/10,15
A00-A04,2021/12/11,15
A00-A04,2021/12/12,15
A00-A04,2021/12/13,15
A00-A04,2021/12/14,15
A00-A04,2021/12/15,15
A00-A04,2021/12/16,15
A00-A04,2021/12/17,15
A00-A04,2021/12/18,15
A00-A04,2021/12/19,15
A00-A04,2021/12/20,15
A00-A04,2021/12/21,15
A00-A04,2021/12/22,15
A00-A04,2021/12/23,15
A00-A04,2021/12/24,15
A00-A04,2021/12/25,15
A00-A04,2021/12/26,15
A00-A04,2021/12/27,15
A00-A04,2021/12/28,15
A00-A04,2021/12/29,16
A80+,2020/3/01,0
A80+,2020/3/02,0
A80+,2020/3/03,0
A80+,2020/3/04,1
A80+,2020/3/05,2
A80+,2020/3/06,5
A80+,2020/3/07,6
A80+,2020/3/08,6
A80+,2020/3/09,10
A80+,2020/3/10,13
A80+,2020/3/11,16
A80+,2020/3/12,21
A80+,2020/3/13,32
A80+,2020/3/14,43
A80+,2020/3/15,51
A80+,2020/3/16,67
A80+,2020/3/17,90
A80+,2020/3/18,120
A80+,2020/3/19,155
A80+,2020/3/20,211
A80+,2020/3/21,261
A80+,2020/3/22,297
A80+,2020/3/23,360
A80+,2020/3/24,449
A80+,2020/3/25,554
A80+,2020/3/26,690
A80+,2020/3/27,836
A80+,2020/3/28,988
A80+,2020/3/29,1082
A80+,2020/3/30,1238
A80+,2020/3/31,1459
A80+,2020/4/01,1696
A80+,2020/4/02,1982
A80+,2020/4/03,2252
A80+,2020/4/04,2415
A80+,2020/4/05,2537
A80+,2020/4/06,2729
A80+,2020/4/07,2954
A80+,2020/4/08,3180
A80+,2020/4/09,3390
A80+,2020/4/10,3533
A80+,2020/4/11,3671
A80+,2020/4/12,3796
A80+,2020/4/13,3899
A80+,2020/4/14,4045
A80+,2020/4/15,4208
A80+,2020/4/16,4331
A80+,2020/4/17,4452
A80+,2020/4/18,4526
A80+,2020/4/19,4604
A80+,2020/4/20,4706
A80+,2020/4/21,4801
A80+,2020/4/22,4892
A80+,2020/4/23,4976
A80+,2020/4/24,5031
A80+,2020/4/25,5084
A80+,2020/4/26,5105
A80+,2020/4/27,5143
A80+,2020/4/28,5197
A80+,2020/4/29,5235
A80+,2020/4/30,5283
A80+,2020/5/01,5316
A80+,2020/5/02,5339
A80+,2020/5/03,5345
A80+,2020/5/04,5370
A80+,2020/5/05,5402
A80+,2020/5/06,5430
A80+,2020/5/07,5462
A80+,2020/5/08,5488
A80+,2020/5/09,5499
A80+,2020/5/10,5506
A80+,2020/5/11,5526
A80+,2020/5/12,5546
A80+,2020/5/13,5563
A80+,2020/5/14,5577
A80+,2020/5/15,5599
A80+,2020/5/16,5613
A80+,2020/5/17,5614
A80+,2020/5/18,5631
A80+,2020/5/19,5650
A80+,2020/5/20,5666
A80+,2020/5/21,5671
A80+,2020/5/22,5682
A80+,2020/5/23,5690
A80+,2020/5/24,5694
A80+,2020/5/25,5705
A80+,2020/5/26,5711
A80+,2020/5/27,5716
A80+,2020/5/28,5721
A80+,2020/5/29,5727
A80+,2020/5/30,5731
A80+,2020/5/31,5733
A80+,2020/6/01,5737
A80+,2020/6/02,5744
A80+,2020/6/03,5748
A80+,2020/6/04,5752
A80+,2020/6/05,5752
A80+,2020/6/06,5754
A80+,2020/6/07,5758
A80+,2020/6/08,5760
A80+,2020/6/09,5761
A80+,2020/6/10,5764
A80+,2020/6/11,5764
A80+,2020/6/12,5773
A80+,2020/6/13,5773
A80+,2020/6/14,5778
A80+,2020/6/15,5781
A80+,2020/6/16,5785
A80+,2020/6/17,5788
A80+,2020/6/18,5790
A80+,2020/6/19,5794
A80+,2020/6/20,5796
A80+,2020/6/21,5797
A80+,2020/6/22,5798
A80+,2020/6/23,5799
A80+,2020/6/24,5799
A80+,2020/6/25,5802
A80+,2020/6/26,5805
A80+,2020/6/27,5805
A80+,2020/6/28,5805
A80+,2020/6/29,5807
A80+,2020/7/01,5809
A80+,2020/7/02,5812
A80+,2020/7/03,5814
A80+,2020/7/04,5814
A80+,2020/7/05,5817
A80+,2020/7/06,5819
A80+,2020/7/07,5819
A80+,2020/7/08,5824
A80+,2020/7/09,5827
A80+,2020/7/10,5829
A80+,2020/7/11,5829
A80+,2020/7/12,5829
A80+,2020/7/13,5832
A80+,2020/7/14,5833
A80+,2020/7/15,5835
A80+,2020/7/16,5839
A80+,2020/7/17,5842
A80+,2020/7/18,5842
A80+,2020/7/19,5845
A80+,2020/7/20,5847
A80+,2020/7/21,5849
A80+,2020/7/22,5855
A80+,2020/7/23,5855
A80+,2020/7/24,5859
A80+,2020/7/25,5860
A80+,2020/7/26,5860
A80+,2020/7/27,5864
A80+,2020/7/28,5866
A80+,2020/7/29,5869
A80+,2020/7/30,5872
A80+,2020/7/31,5880
A80+,2020/8/01,5880
A80+,2020/8/02,5881
A80+,2020/8/03,5887
A80+,2020/8/04,5891
A80+,2020/8/05,5893
A80+,2020/8/06,5898
A80+,2020/8/07,5901
A80+,2020/8/08,5903
A80+,2020/8/09,5905
A80+,2020/8/10,5906
A80+,2020/8/11,5908
A80+,2020/8/12,5916
A80+,2020/8/13,5917
A80+,2020/8/14,5920
A80+,2020/8/15,5923
A80+,2020/8/16,5925
A80+,2020/8/17,5927
A80+,2020/8/18,5933
A80+,2020/8/19,5933
A80+,2020/8/20,5934
A80+,2020/8/21,5935
A80+,2020/8/22,5935
A80+,2020/8/23,5935
A80+,2020/8/24,5937
A80+,2020/8/25,5937
A80+,2020/8/26,5937
A80+,2020/8/27,5938
A80+,2020/8/28,5941
A80+,2020/8/29,5942
A80+,2020/8/30,5943
A80+,2020/8/31,5946
A80+,2020/9/01,5946
A80+,2020/9/02,5948
A80+,2020/9/03,5949
A80+,2020/9/04,5952
A80+,2020/9/05,5956
A80+,2020/9/06,5958
A80+,2020/9/07,5962
A80+,2020/9/08,5973
A80+,2020/9/09,5981
A80+,2020/9/10,5984
A80+,2020/9/11,5989
A80+,2020/9/12,5993
A80+,2020/9/13,5998
A80+,2020/9/14,6002
A80+,2020/9/15,6012
A80+,2020/9/16,6019
A80+,2020/9/17,6024
A80+,2020/9/18,6035
A80+,2020/9/19,6041
A80+,2020/9/20,6044
A80+,2020/9/21,6053
A80+,2020/9/22,6064
A80+,2020/9/23,6071
A80+,2020/9/24,6083
A80+,2020/9/25,6091
A80+,2020/9/26,6107
A80+,2020/9/27,6111
A80+,2020/9/28,6122
A80+,2020/9/29,6130
A80+,2020/9/30,6140
A80+,2020/10/01,6158
A80+,2020/10/02,6173
A80+,2020/10/03,6180
A80+,2020/10/04,6185
A80+,2020/10/05,6210
A80+,2020/10/06,6229
A80+,2020/10/07,6245
A80+,2020/10/08,6271
A80+,2020/10/09,6299
A80+,2020/10/10,6328
A80+,2020/10/11,6341
A80+,2020/10/12,6381
A80+,2020/10/13,6415
A80+,2020/10/14,6454
A80+,2020/10/15,6511
A80+,2020/10/16,6574
A80+,2020/10/17,6616
A80+,2020/10/18,6655
A80+,2020/10/19,6711
A80+,2020/10/20,6791
A80+,2020/10/21,6883
A80+,2020/10/22,7022
A80+,2020/10/23,7159
A80+,2020/10/24,7239
A80+,2020/10/25,7318
A80+,2020/10/26,7476
A80+,2020/10/27,7631
A80+,2020/10/28,7782
A80+,2020/10/29,7951
A80+,2020/10/30,8142
A80+,2020/10/31,8273
A80+,2020/11/01,8373
A80+,2020/11/02,8551
A80+,2020/11/03,8756
A80+,2020/11/04,8981
A80+,2020/11/05,9209
A80+,2020/11/06,9380
A80+,2020/11/07,9525
A80+,2020/11/08,9635
A80+,2020/11/09,9848
A80+,2020/11/10,10085
A80+,2020/11/11,10364
A80+,2020/11/12,10672
A80+,2020/11/13,10965
A80+,2020/11/14,11236
A80+,2020/11/15,11395
A80+,2020/11/16,11702
A80+,2020/11/17,12046
A80+,2020/11/18,12432
A80+,2020/11/19,12811
A80+,2020/11/20,13188
A80+,2020/11/21,13427
A80+,2020/11/22,13629
A80+,2020/11/23,13934
A80+,2020/11/24,14284
A80+,2020/11/25,14713
A80+,2020/11/26,15186
A80+,2020/11/27,15644
A80+,2020/11/28,15927
A80+,2020/11/29,16167
A80+,2020/11/30,16523
A80+,2020/12/01,16986
A80+,2020/12/02,17528
A80+,2020/12/03,18141
A80+,2020/12/04,18724
A80+,2020/12/05,19106
A80+,2020/12/06,19372
A80+,2020/12/07,19855
A80+,2020/12/08,20485
A80+,2020/12/09,21094
A80+,2020/12/10,21874
A80+,2020/12/11,22600
A80+,2020/12/12,23160
A80+,2020/12/13,23542
A80+,2020/12/14,24144
A80+,2020/12/15,24877
A80+,2020/12/16,25641
A80+,2020/12/17,26461
A80+,2020/12/18,27237
A80+,2020/12/19,27808
A80+,2020/12/20,28194
A80+,2020/12/21,28822
A80+,2020/12/22,29680
A80+,2020/12/23,30571
A80+,2020/12/24,31085
A80+,2020/12/25,31446
A80+,2020/12/26,31846
A80+,2020/12/27,32211
A80+,2020/12/28,32843
A80+,2020/12/29,33741
A80+,2020/12/30,34694
A80+,2020/12/31,35277
A60-A79,2020/2/01,0
A60-A79,2020/2/02,0
A60-A79,2020/2/03,0
A60-A79,2020/2/04,0
A60-A79,2020/2/05,0
A60-A79,2020/2/06,0
A60-A79,2020/2/07,0
A60-A79,2020/2/08,0
A60-A79,2020/2/09,0
A60-A79,2020/2/10,0
A60-A79,2020/2/11,0
A60-A79,2020/2/12,0
A60-A79,2020/2/13,0
A60-A79,2020/2/14,0
A60-A79,2020/2/15,0
A60-A79,2020/2/16,0
A60-A79,2020/2/17,0
A60-A79,2020/2/18,0
A60-A79,2020/2/19,0
A60-A79,2020/2/20,1
A60-A79,2020/3/01,1
A60-A79,2020/3/02,1
A60-A79,2020/3/03,1
A60-A79,2020/3/04,2
A60-A79,2020/3/05,2
A60-A79,2020/3/06,3
A60-A79,2020/3/07,6
A60-A79,2020/3/08,6
A60-A79,2020/3/09,9
A60-A79,2020/3/10,10
A60-A79,2020/3/11,16
A60-A79,2020/3/12,20
A60-A79,2020/3/13,23
A60-A79,2020/3/14,31
A60-A79,2020/3/15,36
A60-A79,2020/3/16,53
A60-A79,2020/3/17,72
A60-A79,2020/3/18,100
A60-A79,2020/3/19,123
A60-A79,2020/3/20,156
A60-A79,2020/3/21,196
A60-A79,2020/3/22,232
A60-A79,2020/3/23,288
A60-A79,2020/3/24,359
A60-A79,2020/3/25,447
A60-A79,2020/3/26,557
A60-A79,2020/3/27,661
A60-A79,2020/3/28,743
A60-A79,2020/3/29,808
A60-A79,2020/3/30,900
A60-A79,2020/3/31,1045
A60-A79,2020/4/01,1174
A60-A79,2020/4/02,1291
A60-A79,2020/4/03,1405
A60-A79,2020/4/04,1480
A60-A79,2020/4/05,1535
A60-A79,2020/4/06,1621
A60-A79,2020/4/07,1718
A60-A79,2020/4/08,1816
A60-A79,2020/4/09,1915
A60-A79,2020/4/10,1975
A60-A79,2020/4/11,2033
A60-A79,2020/4/12,2075
A60-A79,2020/4/13,2130
A60-A79,2020/4/14,2194
A60-A79,2020/4/15,2256
A60-A79,2020/4/16,2317
A60-A79,2020/4/17,2361
A60-A79,2020/4/18,2401
A60-A79,2020/4/19,2439
A60-A79,2020/4/20,2482
A60-A79,2020/4/21,2520
A60-A79,2020/4/22,2552
A60-A79,2020/4/23,2583
A60-A79,2020/4/24,2609
A60-A79,2020/4/25,2631
A60-A79,2020/4/26,2639
A60-A79,2020/4/27,2672
A60-A79,2020/4/28,2698
A60-A79,2020/4/29,2716
A60-A79,2020/4/30,2736
A60-A79,2020/5/01,2749
A60-A79,2020/5/02,2759
A60-A79,2020/5/03,2769
A60-A79,2020/5/04,2783
A60-A79,2020/5/05,2794
A60-A79,2020/5/06,2805
A60-A79,2020/5/07,2821
A60-A79,2020/5/08,2840
A60-A79,2020/5/09,2848
A60-A79,2020/5/10,2855
A60-A79,2020/5/11,2860
A60-A79,2020/5/12,2872
A60-A79,2020/5/13,2881
A60-A79,2020/5/14,2887
A60-A79,2020/5/15,2895
A60-A79,2020/5/16,2900
A60-A79,2020/5/17,2906
A60-A79,2020/5/18,2912
A60-A79,2020/5/19,2916
A60-A79,2020/5/20,2922
A60-A79,2020/5/21,2923
A60-A79,2020/5/22,2926
A60-A79,2020/5/23,2929
A60-A79,2020/5/24,2930
A60-A79,2020/5/25,2932
A60-A79,2020/5/26,2939
A60-A79,2020/5/27,2945
A60-A79,2020/5/28,2949
A60-A79,2020/5/29,2951
A60-A79,2020/5/30,2951
A60-A79,2020/5/31,2952
A60-A79,2020/6/01,2953
A60-A79,2020/6/02,2954
A60-A79,2020/6/03,2959
A60-A79,2020/6/04,2961
A60-A79,2020/6/05,2965
A60-A79,2020/6/06,2967
A60-A79,2020/6/07,2967
A60-A79,2020/6/08,2967
A60-A79,2020/6/09,2967
A60-A79,2020/6/10,2972
A60-A79,2020/6/11,2973
A60-A79,2020/6/12,2975
A60-A79,2020/6/13,2976
A60-A79,2020/6/14,2977
A60-A79,2020/6/15,2977
A60-A79,2020/6/16,2982
A60-A79,2020/6/17,2984
A60-A79,2020/6/18,2984
A60-A79,2020/6/19,2987
A60-A79,2020/6/20,2989
A60-A79,2020/6/21,2991
A60-A79,2020/6/22,2991
A60-A79,2020/6/23,2994
A60-A79,2020/6/24,2996
A60-A79,2020/6/25,2998
A60-A79,2020/6/26,3000
A60-A79,2020/6/27,3001
A60-A79,2020/6/28,3001
A60-A79,2020/6/29,3002
A60-A79,2020/6/30,3003
A60-A79,2020/7/01,3004
A60-A79,2020/7/02,3005
A60-A79,2020/7/03,3008
A60-A79,2020/7/04,3010
A60-A79,2020/7/05,3011
A60-A79,2020/7/06,3013
A60-A79,2020/7/07,3016
A60-A79,2020/7/08,3017
A60-A79,2020/7/09,3019
A60-A79,2020/7/10,3019
A60-A79,2020/7/11,3019
A60-A79,2020/7/12,3020
A60-A79,2020/7/13,3022
A60-A79,2020/7/14,3022
A60-A79,2020/7/15,3025
A60-A79,2020/7/16,3028
A60-A79,2020/7/17,3031
A60-A79,2020/7/18,3031
A60-A79,2020/7/19,3032
A60-A79,2020/7/20,3033
A60-A79,2020/7/21,3035
A60-A79,2020/7/22,3038
A60-A79,2020/7/23,3041
A60-A79,2020/7/24,3046
A60-A79,2020/7/25,3048
A60-A79,2020/7/26,3048
A60-A79,2020/7/27,3050
A60-A79,2020/7/28,3052
A60-A79,2020/7/29,3053
A60-A79,2020/7/30,3055
A60-A79,2020/7/31,3058
A60-A79,2020/8/01,3059
A60-A79,2020/8/02,3059
A60-A79,2020/8/03,3060
A60-A79,2020/8/04,3062
A60-A79,2020/8/05,3063
A60-A79,2020/8/06,3065
A60-A79,2020/8/07,3066
A60-A79,2020/8/08,3066
A60-A79,2020/8/09,3066
A60-A79,2020/8/10,3067
A60-A79,2020/8/11,3067
A60-A79,2020/8/12,3068
A60-A79,2020/8/13,3069
A60-A79,2020/8/14,3072
A60-A79,2020/8/15,3072
A60-A79,2020/8/16,3075
A60-A79,2020/8/17,3079
A60-A79,2020/8/18,3082
A60-A79,2020/8/19,3083
A60-A79,2020/8/20,3088
A60-A79,2020/8/21,3089
A60-A79,2020/8/22,3090
A60-A79,2020/8/23,3090
A60-A79,2020/8/24,3093
A60-A79,2020/8/25,3095
A60-A79,2020/8/26,3095
A60-A79,2020/8/27,3095
A60-A79,2020/8/28,3095
A60-A79,2020/8/29,3095
A60-A79,2020/8/30,3097
A60-A79,2020/8/31,3098
A60-A79,2020/9/01,3101
A60-A79,2020/9/02,3102
A60-A79,2020/9/03,3107
A60-A79,2020/9/04,3110
A60-A79,2020/9/05,3112
A60-A79,2020/9/06,3114
A60-A79,2020/9/07,3114
A60-A79,2020/9/08,3120
A60-A79,2020/9/09,3121
A60-A79,2020/9/10,3122
A60-A79,2020/9/11,3129
A60-A79,2020/9/12,3131
A60-A79,2020/9/13,3134
A60-A79,2020/9/14,3135
A60-A79,2020/9/15,3140
A60-A79,2020/9/16,3148
A60-A79,2020/9/17,3152
A60-A79,2020/9/18,3156
A60-A79,2020/9/19,3161
A60-A79,2020/9/20,3168
A60-A79,2020/9/21,3175
A60-A79,2020/9/22,3179
A60-A79,2020/9/23,3182
A60-A79,2020/9/24,3186
A60-A79,2020/9/25,3193
A60-A79,2020/9/26,3203
A60-A79,2020/9/27,3205
A60-A79,2020/9/28,3212
A60-A79,2020/9/29,3218
A60-A79,2020/9/30,3223
A60-A79,2020/10/01,3229
A60-A79,2020/10/02,3237
A60-A79,2020/10/03,3241
A60-A79,2020/10/04,3244
A60-A79,2020/10/05,3253
A60-A79,2020/10/06,3261
A60-A79,2020/10/07,3273
A60-A79,2020/10/08,3288
A60-A79,2020/10/09,3302
A60-A79,2020/10/10,3311
A60-A79,2020/10/11,3322
A60-A79,2020/10/12,3340
A60-A79,2020/10/13,3357
A60-A79,2020/10/14,3378
A60-A79,2020/10/15,3394
A60-A79,2020/10/16,3417
A60-A79,2020/10/17,3433
A60-A79,2020/10/18,3446
A60-A79,2020/10/19,3471
A60-A79,2020/10/20,3513
A60-A79,2020/10/21,3558
A60-A79,2020/10/22,3621
A60-A79,2020/10/23,3677
A60-A79,2020/10/24,3716
A60-A79,2020/10/25,3754
A60-A79,2020/10/26,3825
A60-A79,2020/10/27,3892
A60-A79,2020/10/28,3976
A60-A79,2020/10/29,4068
A60-A79,2020/10/30,4128
A60-A79,2020/10/31,4181
A60-A79,2020/11/01,4245
A60-A79,2020/11/02,4327
A60-A79,2020/11/03,4434
A60-A79,2020/11/04,4513
A60-A79,2020/11/05,4609
A60-A79,2020/11/06,4676
A60-A79,2020/11/07,4741
A60-A79,2020/11/08,4793
A60-A79,2020/11/09,4889
A60-A79,2020/11/10,4979
A60-A79,2020/11/11,5110
A60-A79,2020/11/12,5215
A60-A79,2020/11/13,5322
A60-A79,2020/11/14,5406
A60-A79,2020/11/15,5468
A60-A79,2020/11/16,5596
A60-A79,2020/11/17,5741
A60-A79,2020/11/18,5873
A60-A79,2020/11/19,6035
A60-A79,2020/11/20,6178
A60-A79,2020/11/21,6269
A60-A79,2020/11/22,6342
A60-A79,2020/11/23,6498
A60-A79,2020/11/24,6634
A60-A79,2020/11/25,6773
A60-A79,2020/11/26,6935
A60-A79,2020/11/27,7077
A60-A79,2020/11/28,7192
A60-A79,2020/11/29,7268
A60-A79,2020/11/30,7432
A60-A79,2020/12/01,7607
A60-A79,2020/12/02,7787
A60-A79,2020/12/03,7993
A60-A79,2020/12/04,8192
A60-A79,2020/12/05,8311
A60-A79,2020/12/06,8397
A60-A79,2020/12/07,8594
A60-A79,2020/12/08,8805
A60-A79,2020/12/09,9014
A60-A79,2020/12/10,9280
A60-A79,2020/12/11,9507
A60-A79,2020/12/12,9701
A60-A79,2020/12/13,9827
A60-A79,2020/12/14,10032
A60-A79,2020/12/15,10277
A60-A79,2020/12/16,10550
A60-A79,2020/12/17,10847
A60-A79,2020/12/18,11094
A60-A79,2020/12/19,11278
A60-A79,2020/12/20,11425
A60-A79,2020/12/21,11697
A60-A79,2020/12/22,12004
A60-A79,2020/12/23,12324
A60-A79,2020/12/24,12500
A60-A79,2020/12/25,12637
A60-A79,2020/12/26,12797
A60-A79,2020/12/27,12945
A60-A79,2020/12/28,13180
A60-A79,2020/12/29,13493
A60-A79,2020/12/30,13799
A60-A79,2020/12/31,13974
A80+,2021/1/01,298
A80+,2021/1/02,702
A80+,2021/1/03,1048
A80+,2021/1/04,1576
A80+,2021/1/05,2313
A80+,2021/1/06,2976
A80+,2021/1/07,3712
A80+,2021/1/08,4386
A80+,2021/1/09,4833
A80+,2021/1/10,5145
A80+,2021/1/11,5548
A80+,2021/1/12,6178
A80+,2021/1/13,6898
A80+,2021/1/14,7617
A80+,2021/1/15,8216
A80+,2021/1/16,8623
A80+,2021/1/17,8859
A80+,2021/1/18,9239
A80+,2021/1/19,9776
A80+,2021/1/20,10324
A80+,2021/1/21,10843
A80+,2021/1/22,11284
A80+,2021/1/23,11596
A80+,2021/1/24,11734
A80+,2021/1/25,12022
A80+,2021/1/26,12418
A80+,2021/1/27,12848
A80+,2021/1/28,13170
A80+,2021/1/29,13511
A80+,2021/1/30,13718
A80+,2021/1/31,13852
A80+,2021/2/01,14053
A80+,2021/2/02,14334
A80+,2021/2/03,14624
A80+,2021/2/04,14942
A80+,2021/2/05,15165
A80+,2021/2/06,15322
A80+,2021/2/07,15400
A80+,2021/2/08,15564
A80+,2021/2/09,15762
A80+,2021/2/10,15956
A80+,2021/2/11,16153
A80+,2021/2/12,16311
A80+,2021/2/13,16417
A80+,2021/2/14,16492
A80+,2021/2/15,16605
A80+,2021/2/16,16796
A80+,2021/2/17,16975
A80+,2021/2/18,17124
A80+,2021/2/19,17264
A80+,2021/2/20,17349
A80+,2021/2/21,17397
A80+,2021/2/22,17509
A80+,2021/2/23,17648
A80+,2021/2/24,17778
A80+,2021/2/25,17894
A80+,2021/2/26,18007
A80+,2021/2/27,18086
A80+,2021/2/28,18131
A80+,2021/3/01,18226
A80+,2021/3/02,18331
A80+,2021/3/03,18425
A80+,2021/3/04,18536
A80+,2021/3/05,18611
A80+,2021/3/06,18683
A80+,2021/3/07,18726
A80+,2021/3/08,18799
A80+,2021/3/09,18902
A80+,2021/3/10,19018
A80+,2021/3/11,19130
A80+,2021/3/12,19216
A80+,2021/3/13,19290
A80+,2021/3/14,19322
A80+,2021/3/15,19408
A80+,2021/3/16,19510
A80+,2021/3/17,19616
A80+,2021/3/18,19743
A80+,2021/3/19,19832
A80+,2021/3/20,19903
A80+,2021/3/21,19954
A80+,2021/3/22,20037
A80+,2021/3/23,20170
A80+,2021/3/24,20294
A80+,2021/3/25,20405
A80+,2021/3/26,20527
A80+,2021/3/27,20622
A80+,2021/3/28,20674
A80+,2021/3/29,20789
A80+,2021/3/30,20917
A80+,2021/3/31,21061
A80+,2021/4/01,21167
A80+,2021/4/02,21257
A80+,2021/4/03,21331
A80+,2021/4/04,21392
A80+,2021/4/05,21468
A80+,2021/4/06,21587
A80+,2021/4/07,21714
A80+,2021/4/08,21840
A80+,2021/4/09,21940
A80+,2021/4/10,22027
A80+,2021/4/11,22079
A80+,2021/4/12,22165
A80+,2021/4/13,22287
A80+,2021/4/14,22431
A80+,2021/4/15,22562
A80+,2021/4/16,22650
A80+,2021/4/17,22733
A80+,2021/4/18,22785
A80+,2021/4/19,22890
A80+,2021/4/20,23004
A80+,2021/4/21,23118
A80+,2021/4/22,23235
A80+,2021/4/23,23328
A80+,2021/4/24,23407
A80+,2021/4/25,23446
A80+,2021/4/26,23530
A80+,2021/4/27,23617
A80+,2021/4/28,23718
A80+,2021/4/29,23804
A80+,2021/4/30,23885
A80+,2021/5/01,23948
A80+,2021/5/02,23991
A80+,2021/5/03,24045
A80+,2021/5/04,24141
A80+,2021/5/05,24220
A80+,2021/5/06,24286
A80+,2021/5/07,24359
A80+,2021/5/08,24393
A80+,2021/5/09,24423
A80+,2021/5/10,24465
A80+,2021/5/11,24525
A80+,2021/5/12,24585
A80+,2021/5/13,24618
A80+,2021/5/14,24659
A80+,2021/5/15,24703
A80+,2021/5/16,24728
A80+,2021/5/17,24763
A80+,2021/5/18,24806
A80+,2021/5/19,24844
A80+,2021/5/20,24876
A80+,2021/5/21,24908
A80+,2021/5/22,24925
A80+,2021/5/23,24940
A80+,2021/5/24,24947
A80+,2021/5/25,24975
A80+,2021/5/26,25002
A80+,2021/5/27,25024
A80+,2021/5/28,25041
A80+,2021/5/29,25052
A80+,2021/5/30,25056
A80+,2021/5/31,25068
A80+,2021/6/01,25080
A80+,2021/6/02,25093
A80+,2021/6/03,25098
A80+,2021/6/04,25107
A80+,2021/6/05,25114
A80+,2021/6/06,25120
A80+,2021/6/07,25127
A80+,2021/6/08,25132
A80+,2021/6/09,25136
A80+,2021/6/10,25141
A80+,2021/6/11,25147
A80+,2021/6/12,25149
A80+,2021/6/13,25150
A80+,2021/6/14,25159
A80+,2021/6/15,25163
A80+,2021/6/16,25165
A80+,2021/6/17,25167
A80+,2021/6/18,25168
A80+,2021/6/19,25168
A80+,2021/6/20,25169
A80+,2021/6/21,25170
A80+,2021/6/22,25174
A80+,2021/6/23,25175
A80+,2021/6/24,25177
A80+,2021/6/25,25181
A80+,2021/6/26,25181
A80+,2021/6/27,25181
A80+,2021/6/28,25181
A80+,2021/6/29,25181
A80+,2021/6/30,25182
A80+,2021/7/01,25186
A80+,2021/7/02,25188
A80+,2021/7/03,25190
A80+,2021/7/04,25190
A80+,2021/7/05,25190
A80+,2021/7/06,25192
A80+,2021/7/07,25194
A80+,2021/7/08,25195
A80+,2021/7/09,25199
A80+,2021/7/10,25202
A80+,2021/7/11,25202
A80+,2021/7/12,25204
A80+,2021/7/13,25206
A80+,2021/7/14,25209
A80+,2021/7/15,25210
A80+,2021/7/16,25213
A80+,2021/7/17,25216
A80+,2021/7/18,25216
A80+,2021/7/19,25218
A80+,2021/7/20,25220
A80+,2021/7/21,25221
A80+,2021/7/22,25224
A80+,2021/7/23,25227
A80+,2021/7/24,25230
A80+,2021/7/25,25231
A80+,2021/7/26,25231
A80+,2021/7/27,25237
A80+,2021/7/28,25241
A80+,2021/7/29,25245
A80+,2021/7/30,25252
A80+,2021/7/31,25256
A80+,2021/8/01,25258
A80+,2021/8/02,25266
A80+,2021/8/03,25273
A80+,2021/8/04,25278
A80+,2021/8/05,25286
A80+,2021/8/06,25295
A80+,2021/8/07,25300
A80+,2021/8/08,25303
A80+,2021/8/09,25310
A80+,2021/8/10,25315
A80+,2021/8/11,25325
A80+,2021/8/12,25336
A80+,2021/8/13,25344
A80+,2021/8/14,25351
A80+,2021/8/15,25358
A80+,2021/8/16,25369
A80+,2021/8/17,25392
A80+,2021/8/18,25403
A80+,2021/8/19,25416
A80+,2021/8/20,25428
A80+,2021/8/21,25437
A80+,2021/8/22,25449
A80+,2021/8/23,25470
A80+,2021/8/24,25497
A80+,2021/8/25,25522
A80+,2021/8/26,25551
A80+,2021/8/27,25574
A80+,2021/8/28,25596
A80+,2021/8/29,25610
A80+,2021/8/30,25630
A80+,2021/8/31,25666
A80+,2021/9/01,25696
A80+,2021/9/02,25731
A80+,2021/9/03,25760
A80+,2021/9/04,25787
A80+,2021/9/05,25795
A80+,2021/9/06,25828
A80+,2021/9/07,25864
A80+,2021/9/08,25897
A80+,2021/9/09,25932
A80+,2021/9/10,25974
A80+,2021/9/11,26008
A80+,2021/9/12,26018
A80+,2021/9/13,26048
A80+,2021/9/14,26094
A80+,2021/9/15,26141
A80+,2021/9/16,26170
A80+,2021/9/17,26197
A80+,2021/9/18,26213
A80+,2021/9/19,26227
A80+,2021/9/20,26259
A80+,2021/9/21,26293
A80+,2021/9/22,26328
A80+,2021/9/23,26356
A80+,2021/9/24,26392
A80+,2021/9/25,26420
A80+,2021/9/26,26435
A80+,2021/9/27,26475
A80+,2021/9/28,26509
A80+,2021/9/29,26553
A80+,2021/9/30,26588
A80+,2021/10/01,26627
A80+,2021/10/02,26650
A80+,2021/10/03,26665
A80+,2021/10/04,26694
A80+,2021/10/05,26751
A80+,2021/10/06,26807
A80+,2021/10/07,26861
A80+,2021/10/08,26897
A80+,2021/10/09,26920
A80+,2021/10/10,26944
A80+,2021/10/11,26987
A80+,2021/10/12,27038
A80+,2021/10/13,27094
A80+,2021/10/14,27140
A80+,2021/10/15,27204
A80+,2021/10/16,27238
A80+,2021/10/17,27271
A80+,2021/10/18,27360
A80+,2021/10/19,27464
A80+,2021/10/20,27556
A80+,2021/10/21,27681
A80+,2021/10/22,27796
A80+,2021/10/23,27884
A80+,2021/10/24,27923
A80+,2021/10/25,28025
A80+,2021/10/26,28139
A80+,2021/10/27,28276
A80+,2021/10/28,28423
A80+,2021/10/29,28540
A80+,2021/10/30,28629
A80+,2021/10/31,28701
A80+,2021/11/01,28807
A80+,2021/11/02,28987
A80+,2021/11/03,29200
A80+,2021/11/04,29390
A80+,2021/11/05,29566
A80+,2021/11/06,29670
A80+,2021/11/07,29754
A80+,2021/11/08,29935
A80+,2021/11/09,30159
A80+,2021/11/10,30364
A80+,2021/11/11,30624
A80+,2021/11/12,30832
A80+,2021/11/13,30990
A80+,2021/11/14,31107
A80+,2021/11/15,31305
A80+,2021/11/16,31590
A80+,2021/11/17,31853
A80+,2021/11/18,32164
A80+,2021/11/19,32427
A80+,2021/11/20,32570
A80+,2021/11/21,32681
A80+,2021/11/22,32967
A80+,2021/11/23,33272
A80+,2021/11/24,33589
A80+,2021/11/25,33856
A80+,2021/11/26,34106
A80+,2021/11/27,34307
A80+,2021/11/28,34410
A80+,2021/11/29,34631
A80+,2021/11/30,34922
A80+,2021/12/01,35193
A80+,2021/12/02,35466
A80+,2021/12/03,35712
A80+,2021/12/04,35898
A80+,2021/12/05,36005
A80+,2021/12/06,36217
A80+,2021/12/07,36457
A80+,2021/12/08,36692
A80+,2021/12/09,36905
A80+,2021/12/10,37135
A80+,2021/12/11,37298
A80+,2021/12/12,37370
A80+,2021/12/13,37542
A80+,2021/12/14,37772
A80+,2021/12/15,37981
A80+,2021/12/16,38158
A80+,2021/12/17,38338
A80+,2021/12/18,38435
A80+,2021/12/19,38492
A80+,2021/12/20,38616
A80+,2021/12/21,38784
A80+,2021/12/22,38936
A80+,2021/12/23,39054
A80+,2021/12/24,39133
A80+,2021/12/25,39182
A80+,2021/12/26,39228
A80+,2021/12/27,39319
A80+,2021/12/28,39442
A80+,2021/12/29,39552
A80+,2021/12/30,39667
A80+,2021/12/31,39732
A60-A79,2021/1/01,107
A60-A79,2021/1/02,274
A60-A79,2021/1/03,411
A60-A79,2021/1/04,638
A60-A79,2021/1/05,918
A60-A79,2021/1/06,1138
A60-A79,2021/1/07,1402
A60-A79,2021/1/08,1630
A60-A79,2021/1/09,1767
A60-A79,2021/1/10,1873
A60-A79,2021/1/11,2034
A60-A79,2021/1/12,2278
A60-A79,2021/1/13,2504
A60-A79,2021/1/14,2715
A60-A79,2021/1/15,2923
A60-A79,2021/1/16,3042
A60-A79,2021/1/17,3119
A60-A79,2021/1/18,3266
A60-A79,2021/1/19,3477
A60-A79,2021/1/20,3686
A60-A79,2021/1/21,3865
A60-A79,2021/1/22,4029
A60-A79,2021/1/23,4149
A60-A79,2021/1/24,4218
A60-A79,2021/1/25,4347
A60-A79,2021/1/26,4518
A60-A79,2021/1/27,4684
A60-A79,2021/1/28,4826
A60-A79,2021/1/29,4951
A60-A79,2021/1/30,5037
A60-A79,2021/1/31,5088
A60-A79,2021/2/01,5191
A60-A79,2021/2/02,5293
A60-A79,2021/2/03,5428
A60-A79,2021/2/04,5533
A60-A79,2021/2/05,5611
A60-A79,2021/2/06,5690
A60-A79,2021/2/07,5712
A60-A79,2021/2/08,5781
A60-A79,2021/2/09,5875
A60-A79,2021/2/10,5970
A60-A79,2021/2/11,6067
A60-A79,2021/2/12,6146
A60-A79,2021/2/13,6193
A60-A79,2021/2/14,6221
A60-A79,2021/2/15,6291
A60-A79,2021/2/16,6382
A60-A79,2021/2/17,6465
A60-A79,2021/2/18,6546
A60-A79,2021/2/19,6616
A60-A79,2021/2/20,6682
A60-A79,2021/2/21,6726
A60-A79,2021/2/22,6788
A60-A79,2021/2/23,6857
A60-A79,2021/2/24,6941
A60-A79,2021/2/25,7015
A60-A79,2021/2/26,7072
A60-A79,2021/2/27,7121
A60-A79,2021/2/28,7143
A60-A79,2021/3/01,7203
A60-A79,2021/3/02,7276
A60-A79,2021/3/03,7342
A60-A79,2021/3/04,7388
A60-A79,2021/3/05,7440
A60-A79,2021/3/06,7486
A60-A79,2021/3/07,7520
A60-A79,2021/3/08,7571
A60-A79,2021/3/09,7633
A60-A79,2021/3/10,7698
A60-A79,2021/3/11,7768
A60-A79,2021/3/12,7836
A60-A79,2021/3/13,7876
A60-A79,2021/3/14,7912
A60-A79,2021/3/15,7963
A60-A79,2021/3/16,8064
A60-A79,2021/3/17,8151
A60-A79,2021/3/18,8239
A60-A79,2021/3/19,8325
A60-A79,2021/3/20,8386
A60-A79,2021/3/21,8434
A60-A79,2021/3/22,8501
A60-A79,2021/3/23,8609
A60-A79,2021/3/24,8721
A60-A79,2021/3/25,8838
A60-A79,2021/3/26,8951
A60-A79,2021/3/27,9032
A60-A79,2021/3/28,9079
A60-A79,2021/3/29,9179
A60-A79,2021/3/30,9315
A60-A79,2021/3/31,9439
A60-A79,2021/4/01,9560
A60-A79,2021/4/02,9651
A60-A79,2021/4/03,9738
A60-A79,2021/4/04,9792
A60-A79,2021/4/05,9868
A60-A79,2021/4/06,9987
A60-A79,2021/4/07,10115
A60-A79,2021/4/08,10239
A60-A79,2021/4/09,10360
A60-A79,2021/4/10,10465
A60-A79,2021/4/11,10513
A60-A79,2021/4/12,10598
A60-A79,2021/4/13,10742
A60-A79,2021/4/14,10881
A60-A79,2021/4/15,10984
A60-A79,2021/4/16,11094
A60-A79,2021/4/17,11177
A60-A79,2021/4/18,11245
A60-A79,2021/4/19,11337
A60-A79,2021/4/20,11491
A60-A79,2021/4/21,11623
A60-A79,2021/4/22,11739
A60-A79,2021/4/23,11859
A60-A79,2021/4/24,11944
A60-A79,2021/4/25,11993
A60-A79,2021/4/26,12099
A60-A79,2021/4/27,12222
A60-A79,2021/4/28,12333
A60-A79,2021/4/29,12427
A60-A79,2021/4/30,12508
A60-A79,2021/5/01,12559
A60-A79,2021/5/02,12599
A60-A79,2021/5/03,12670
A60-A79,2021/5/04,12758
A60-A79,2021/5/05,12846
A60-A79,2021/5/06,12916
A60-A79,2021/5/07,12987
A60-A79,2021/5/08,13035
A60-A79,2021/5/09,13067
A60-A79,2021/5/10,13112
A60-A79,2021/5/11,13175
A60-A79,2021/5/12,13236
A60-A79,2021/5/13,13267
A60-A79,2021/5/14,13308
A60-A79,2021/5/15,13337
A60-A79,2021/5/16,13356
A60-A79,2021/5/17,13394
A60-A79,2021/5/18,13430
A60-A79,2021/5/19,13464
A60-A79,2021/5/20,13491
A60-A79,2021/5/21,13521
A60-A79,2021/5/22,13542
A60-A79,2021/5/23,13546
A60-A79,2021/5/24,13560
A60-A79,2021/5/25,13581
A60-A79,2021/5/26,13609
A60-A79,2021/5/27,13629
A60-A79,2021/5/28,13647
A60-A79,2021/5/29,13660
A60-A79,2021/5/30,13671
A60-A79,2021/5/31,13677
A60-A79,2021/6/01,13686
A60-A79,2021/6/02,13701
A60-A79,2021/6/03,13712
A60-A79,2021/6/04,13717
A60-A79,2021/6/05,13725
A60-A79,2021/6/06,13725
A60-A79,2021/6/07,13730
A60-A79,2021/6/08,13735
A60-A79,2021/6/09,13739
A60-A79,2021/6/10,13741
A60-A79,2021/6/11,13743
A60-A79,2021/6/12,13744
A60-A79,2021/6/13,13748
A60-A79,2021/6/14,13750
A60-A79,2021/6/15,13753
A60-A79,2021/6/16,13759
A60-A79,2021/6/17,13763
A60-A79,2021/6/18,13765
A60-A79,2021/6/19,13765
A60-A79,2021/6/20,13766
A60-A79,2021/6/21,13770
A60-A79,2021/6/22,13774
A60-A79,2021/6/23,13776
A60-A79,2021/6/24,13777
A60-A79,2021/6/25,13778
A60-A79,2021/6/26,13778
A60-A79,2021/6/27,13780
A60-A79,2021/6/28,13784
A60-A79,2021/6/29,13790
A60-A79,2021/7/01,13790
A60-A79,2021/7/02,13792
A60-A79,2021/7/03,13792
A60-A79,2021/7/04,13793
A60-A79,2021/7/05,13793
A60-A79,2021/7/06,13795
A60-A79,2021/7/07,13796
A60-A79,2021/7/08,13796
A60-A79,2021/7/09,13799
A60-A79,2021/7/10,13801
A60-A79,2021/7/11,13801
A60-A79,2021/7/12,13802
A60-A79,2021/7/13,13806
A60-A79,2021/7/14,13808
A60-A79,2021/7/15,13808
A60-A79,2021/7/16,13808
A60-A79,2021/7/17,13810
A60-A79,2021/7/18,13812
A60-A79,2021/7/19,13814
A60-A79,2021/7/20,13819
A60-A79,2021/7/21,13823
A60-A79,2021/7/22,13823
A60-A79,2021/7/23,13823
A60-A79,2021/7/24,13828
A60-A79,2021/7/25,13828
A60-A79,2021/7/26,13830
A60-A79,2021/7/27,13831
A60-A79,2021/7/28,13841
A60-A79,2021/7/29,13845
A60-A79,2021/7/30,13848
A60-A79,2021/7/31,13851
A60-A79,2021/8/01,13854
A60-A79,2021/8/02,13858
A60-A79,2021/8/03,13861
A60-A79,2021/8/04,13864
A60-A79,2021/8/05,13869
A60-A79,2021/8/06,13874
A60-A79,2021/8/07,13882
A60-A79,2021/8/08,13885
A60-A79,2021/8/09,13890
A60-A79,2021/8/10,13901
A60-A79,2021/8/11,13912
A60-A79,2021/8/12,13924
A60-A79,2021/8/13,13931
A60-A79,2021/8/14,13938
A60-A79,2021/8/15,13940
A60-A79,2021/8/16,13947
A60-A79,2021/8/17,13956
A60-A79,2021/8/18,13982
A60-A79,2021/8/19,13997
A60-A79,2021/8/20,14008
A60-A79,2021/8/21,14020
A60-A79,2021/8/22,14028
A60-A79,2021/8/23,14049
A60-A79,2021/8/24,14068
A60-A79,2021/8/25,14091
A60-A79,2021/8/26,14104
A60-A79,2021/8/27,14124
A60-A79,2021/8/28,14144
A60-A79,2021/8/29,14153
A60-A79,2021/8/30,14176
A60-A79,2021/8/31,14197
A60-A79,2021/9/01,14225
A60-A79,2021/9/02,14248
A60-A79,2021/9/03,14271
A60-A79,2021/9/04,14291
A60-A79,2021/9/05,14302
A60-A79,2021/9/06,14330
A60-A79,2021/9/07,14367
A60-A79,2021/9/08,14382
A60-A79,2021/9/09,14407
A60-A79,2021/9/10,14427
A60-A79,2021/9/11,14444
A60-A79,2021/9/12,14455
A60-A79,2021/9/13,14474
A60-A79,2021/9/14,14493
A60-A79,2021/9/15,14521
A60-A79,2021/9/16,14534
A60-A79,2021/9/17,14554
A60-A79,2021/9/18,14571
A60-A79,2021/9/19,14576
A60-A79,2021/9/20,14599
A60-A79,2021/9/21,14617
A60-A79,2021/9/22,14630
A60-A79,2021/9/23,14650
A60-A79,2021/9/24,14668
A60-A79,2021/9/25,14680
A60-A79,2021/9/26,14688
A60-A79,2021/9/27,14707
A60-A79,2021/9/28,14725
A60-A79,2021/9/29,14751
A60-A79,2021/9/30,14772
A60-A79,2021/10/01,14792
A60-A79,2021/10/02,14813
A60-A79,2021/10/03,14821
A60-A79,2021/10/04,14845
A60-A79,2021/10/05,14873
A60-A79,2021/10/06,14901
A60-A79,2021/10/07,14923
A60-A79,2021/10/08,14949
A60-A79,2021/10/09,14969
A60-A79,2021/10/10,14977
A60-A79,2021/10/11,15007
A60-A79,2021/10/12,15047
A60-A79,2021/10/13,15074
A60-A79,2021/10/14,15108
A60-A79,2021/10/15,15140
A60-A79,2021/10/16,15161
A60-A79,2021/10/17,15171
A60-A79,2021/10/18,15213
A60-A79,2021/10/19,15280
A60-A79,2021/10/20,15328
A60-A79,2021/10/21,15380
A60-A79,2021/10/22,15425
A60-A79,2021/10/23,15466
A60-A79,2021/10/24,15478
A60-A79,2021/10/25,15522
A60-A79,2021/10/26,15588
A60-A79,2021/10/27,15650
A60-A79,2021/10/28,15710
A60-A79,2021/10/29,15781
A60-A79,2021/10/30,15823
A60-A79,2021/10/31,15849
A60-A79,2021/11/01,15885
A60-A79,2021/11/02,15981
A60-A79,2021/11/03,16070
A60-A79,2021/11/04,16160
A60-A79,2021/11/05,16247
A60-A79,2021/11/06,16307
A60-A79,2021/11/07,16342
A60-A79,2021/11/08,16441
A60-A79,2021/11/09,16591
A60-A79,2021/11/10,16718
A60-A79,2021/11/11,16848
A60-A79,2021/11/12,16955
A60-A79,2021/11/13,17041
A60-A79,2021/11/14,17094
A60-A79,2021/11/15,17212
A60-A79,2021/11/16,17362
A60-A79,2021/11/17,17517
A60-A79,2021/11/18,17659
A60-A79,2021/11/19,17827
A60-A79,2021/11/20,17917
A60-A79,2021/11/21,18001
A60-A79,2021/11/22,18145
A60-A79,2021/11/23,18346
A60-A79,2021/11/24,18506
A60-A79,2021/11/25,18678
A60-A79,2021/11/26,18864
A60-A79,2021/11/27,18998
A60-A79,2021/11/28,19061
A60-A79,2021/11/29,19227
A60-A79,2021/11/30,19396
A60-A79,2021/12/01,19574
A60-A79,2021/12/02,19731
A60-A79,2021/12/03,19869
A60-A79,2021/12/04,19974
A60-A79,2021/12/05,20058
A60-A79,2021/12/06,20205
A60-A79,2021/12/07,20374
A60-A79,2021/12/08,20548
A60-A79,2021/12/09,20695
A60-A79,2021/12/10,20826
A60-A79,2021/12/11,20923
A60-A79,2021/12/12,20978
A60-A79,2021/12/13,21081
A60-A79,2021/12/14,21215
A60-A79,2021/12/15,21349
A60-A79,2021/12/16,21461
A60-A79,2021/12/17,21564
A60-A79,2021/12/18,21626
A60-A79,2021/12/19,21670
A60-A79,2021/12/20,21754
A60-A79,2021/12/21,21851
A60-A79,2021/12/22,21930
A60-A79,2021/12/23,22009
A60-A79,2021/12/24,22047
A60-A79,2021/12/25,22073
A60-A79,2021/12/26,22101
A60-A79,2021/12/27,22171
A60-A79,2021/12/28,22254
A60-A79,2021/12/29,22326
A60-A79,2021/12/30,22392
A60-A79,2021/12/31,22430
A35-A59,2020/3/01,0
A35-A59,2020/3/02,0
A35-A59,2020/3/03,0
A35-A59,2020/3/04,0
A35-A59,2020/3/05,0
A35-A59,2020/3/06,0
A35-A59,2020/3/07,0
A35-A59,2020/3/08,1
A35-A59,2020/3/09,1
A35-A59,2020/3/10,1
A35-A59,2020/3/11,2
A35-A59,2020/3/12,5
A35-A59,2020/3/13,7
A35-A59,2020/3/14,8
A35-A59,2020/3/15,10
A35-A59,2020/3/16,12
A35-A59,2020/3/17,14
A35-A59,2020/3/18,18
A35-A59,2020/3/19,24
A35-A59,2020/3/20,31
A35-A59,2020/3/21,36
A35-A59,2020/3/22,44
A35-A59,2020/3/23,54
A35-A59,2020/3/24,61
A35-A59,2020/3/25,86
A35-A59,2020/3/26,106
A35-A59,2020/3/27,121
A35-A59,2020/3/28,134
A35-A59,2020/3/29,141
A35-A59,2020/3/30,159
A35-A59,2020/3/31,176
A35-A59,2020/4/01,185
A35-A59,2020/4/02,202
A35-A59,2020/4/03,212
A35-A59,2020/4/04,220
A35-A59,2020/4/05,225
A35-A59,2020/4/06,238
A35-A59,2020/4/07,255
A35-A59,2020/4/08,273
A35-A59,2020/4/09,290
A35-A59,2020/4/10,296
A35-A59,2020/4/11,301
A35-A59,2020/4/12,303
A35-A59,2020/4/13,308
A35-A59,2020/4/14,317
A35-A59,2020/4/15,324
A35-A59,2020/4/16,331
A35-A59,2020/4/17,339
A35-A59,2020/4/18,348
A35-A59,2020/4/19,351
A35-A59,2020/4/20,354
A35-A59,2020/4/21,360
A35-A59,2020/4/22,362
A35-A59,2020/4/23,363
A35-A59,2020/4/24,366
A35-A59,2020/4/25,371
A35-A59,2020/4/26,372
A35-A59,2020/4/27,376
A35-A59,2020/4/28,378
A35-A59,2020/4/29,380
A35-A59,2020/4/30,383
A35-A59,2020/5/01,385
A35-A59,2020/5/02,388
A35-A59,2020/5/03,388
A35-A59,2020/5/04,390
A35-A59,2020/5/05,392
A35-A59,2020/5/06,393
A35-A59,2020/5/07,394
A35-A59,2020/5/08,394
A35-A59,2020/5/09,398
A35-A59,2020/5/10,398
A35-A59,2020/5/11,399
A35-A59,2020/5/12,401
A35-A59,2020/5/13,402
A35-A59,2020/5/14,402
A35-A59,2020/5/15,403
A35-A59,2020/5/16,404
A35-A59,2020/5/17,405
A35-A59,2020/5/18,405
A35-A59,2020/5/19,408
A35-A59,2020/5/20,409
A35-A59,2020/5/21,410
A35-A59,2020/5/22,411
A35-A59,2020/5/23,411
A35-A59,2020/5/24,411
A35-A59,2020/5/25,411
A35-A59,2020/5/26,413
A35-A59,2020/5/27,414
A35-A59,2020/5/28,415
A35-A59,2020/6/01,415
A35-A59,2020/6/02,415
A35-A59,2020/6/03,416
A35-A59,2020/6/04,417
A35-A59,2020/6/05,418
A35-A59,2020/6/06,419
A35-A59,2020/6/07,419
A35-A59,2020/6/08,420
A35-A59,2020/6/09,420
A35-A59,2020/6/10,422
A35-A59,2020/6/11,422
A35-A59,2020/6/12,423
A35-A59,2020/6/13,423
A35-A59,2020/6/14,423
A35-A59,2020/6/15,424
A35-A59,2020/6/16,426
A35-A59,2020/6/17,428
A35-A59,2020/6/18,429
A35-A59,2020/6/19,431
A35-A59,2020/6/20,431
A35-A59,2020/6/21,431
A35-A59,2020/6/22,431
A35-A59,2020/6/23,431
A35-A59,2020/6/24,431
A35-A59,2020/6/25,431
A35-A59,2020/6/26,433
A35-A59,2020/6/27,434
A35-A59,2020/6/28,434
A35-A59,2020/6/29,435
A35-A59,2020/7/01,436
A35-A59,2020/7/02,436
A35-A59,2020/7/03,437
A35-A59,2020/7/04,437
A35-A59,2020/7/05,437
A35-A59,2020/7/06,438
A35-A59,2020/7/07,439
A35-A59,2020/7/08,439
A35-A59,2020/7/09,439
A35-A59,2020/7/10,440
A35-A59,2020/7/11,440
A35-A59,2020/7/12,440
A35-A59,2020/7/13,440
A35-A59,2020/7/14,441
A35-A59,2020/7/15,442
A35-A59,2020/7/16,442
A35-A59,2020/7/17,442
A35-A59,2020/7/18,442
A35-A59,2020/7/19,442
A35-A59,2020/7/20,443
A35-A59,2020/7/21,443
A35-A59,2020/7/22,443
A35-A59,2020/7/23,443
A35-A59,2020/7/24,444
A35-A59,2020/7/25,444
A35-A59,2020/7/26,444
A35-A59,2020/7/27,445
A35-A59,2020/7/28,445
A35-A59,2020/7/29,446
A35-A59,2020/7/30,446
A35-A59,2020/7/31,448
A35-A59,2020/8/01,448
A35-A59,2020/8/02,448
A35-A59,2020/8/03,450
A35-A59,2020/8/04,450
A35-A59,2020/8/05,450
A35-A59,2020/8/06,450
A35-A59,2020/8/07,451
A35-A59,2020/8/08,451
A35-A59,2020/8/09,451
A35-A59,2020/8/10,451
A35-A59,2020/8/11,451
A35-A59,2020/8/12,452
A35-A59,2020/8/13,452
A35-A59,2020/8/14,452
A35-A59,2020/8/15,453
A35-A59,2020/8/16,453
A35-A59,2020/8/17,455
A35-A59,2020/8/18,456
A35-A59,2020/8/19,456
A35-A59,2020/8/20,457
A35-A59,2020/8/21,457
A35-A59,2020/8/22,458
A35-A59,2020/8/23,458
A35-A59,2020/8/24,458
A35-A59,2020/8/25,458
A35-A59,2020/8/26,460
A35-A59,2020/8/27,460
A35-A59,2020/8/28,460
A35-A59,2020/8/29,461
A35-A59,2020/9/01,461
A35-A59,2020/9/02,461
A35-A59,2020/9/03,462
A35-A59,2020/9/04,463
A35-A59,2020/9/05,464
A35-A59,2020/9/06,464
A35-A59,2020/9/07,466
A35-A59,2020/9/08,468
A35-A59,2020/9/09,468
A35-A59,2020/9/10,470
A35-A59,2020/9/11,470
A35-A59,2020/9/12,472
A35-A59,2020/9/13,472
A35-A59,2020/9/14,472
A35-A59,2020/9/15,473
A35-A59,2020/9/16,473
A35-A59,2020/9/17,473
A35-A59,2020/9/18,473
A35-A59,2020/9/19,474
A35-A59,2020/9/20,474
A35-A59,2020/9/21,476
A35-A59,2020/9/22,476
A35-A59,2020/9/23,476
A35-A59,2020/9/24,478
A35-A59,2020/9/25,478
A35-A59,2020/9/26,478
A35-A59,2020/9/27,479
A35-A59,2020/9/28,480
A35-A59,2020/9/29,480
A35-A59,2020/9/30,481
A35-A59,2020/10/01,483
A35-A59,2020/10/02,485
A35-A59,2020/10/03,486
A35-A59,2020/10/04,487
A35-A59,2020/10/05,487
A35-A59,2020/10/06,487
A35-A59,2020/10/07,493
A35-A59,2020/10/08,494
A35-A59,2020/10/09,496
A35-A59,2020/10/10,497
A35-A59,2020/10/11,498
A35-A59,2020/10/12,499
A35-A59,2020/10/13,505
A35-A59,2020/10/14,508
A35-A59,2020/10/15,516
A35-A59,2020/10/16,520
A35-A59,2020/10/17,522
A35-A59,2020/10/18,524
A35-A59,2020/10/19,530
A35-A59,2020/10/20,538
A35-A59,2020/10/21,544
A35-A59,2020/10/22,548
A35-A59,2020/10/23,554
A35-A59,2020/10/24,558
A35-A59,2020/10/25,565
A35-A59,2020/10/26,575
A35-A59,2020/10/27,589
A35-A59,2020/10/28,601
A35-A59,2020/10/29,609
A35-A59,2020/10/30,618
A35-A59,2020/10/31,628
A35-A59,2020/11/01,634
A35-A59,2020/11/02,650
A35-A59,2020/11/03,669
A35-A59,2020/11/04,680
A35-A59,2020/11/05,693
A35-A59,2020/11/06,705
A35-A59,2020/11/07,713
A35-A59,2020/11/08,716
A35-A59,2020/11/09,729
A35-A59,2020/11/10,747
A35-A59,2020/11/11,755
A35-A59,2020/11/12,772
A35-A59,2020/11/13,786
A35-A59,2020/11/14,803
A35-A59,2020/11/15,806
A35-A59,2020/11/16,820
A35-A59,2020/11/17,843
A35-A59,2020/11/18,856
A35-A59,2020/11/19,878
A35-A59,2020/11/20,890
A35-A59,2020/11/21,903
A35-A59,2020/11/22,913
A35-A59,2020/11/23,924
A35-A59,2020/11/24,946
A35-A59,2020/11/25,968
A35-A59,2020/11/26,991
A35-A59,2020/11/27,1012
A35-A59,2020/11/28,1019
A35-A59,2020/11/29,1029
A35-A59,2020/11/30,1046
A35-A59,2020/12/01,1062
A35-A59,2020/12/02,1078
A35-A59,2020/12/03,1110
A35-A59,2020/12/04,1139
A35-A59,2020/12/05,1150
A35-A59,2020/12/06,1158
A35-A59,2020/12/07,1173
A35-A59,2020/12/08,1195
A35-A59,2020/12/09,1225
A35-A59,2020/12/10,1257
A35-A59,2020/12/11,1282
A35-A59,2020/12/12,1296
A35-A59,2020/12/13,1307
A35-A59,2020/12/14,1328
A35-A59,2020/12/15,1363
A35-A59,2020/12/16,1396
A35-A59,2020/12/17,1444
A35-A59,2020/12/18,1467
A35-A59,2020/12/19,1485
A35-A59,2020/12/20,1496
A35-A59,2020/12/21,1520
A35-A59,2020/12/22,1551
A35-A59,2020/12/23,1592
A35-A59,2020/12/24,1612
A35-A59,2020/12/25,1623
A35-A59,2020/12/26,1638
A35-A59,2020/12/27,1653
A35-A59,2020/12/28,1680
A35-A59,2020/12/29,1717
A35-A59,2020/12/30,1746
A35-A59,2020/12/31,1766
A15-A34,2021/1/01,0
A15-A34,2021/1/02,0
A15-A34,2021/1/03,0
A15-A34,2021/1/04,0
A15-A34,2021/1/05,1
A15-A34,2021/1/06,4
A15-A34,2021/1/07,4
A15-A34,2021/1/08,5
A15-A34,2021/1/09,6
A15-A34,2021/1/10,6
A15-A34,2021/1/11,7
A15-A34,2021/1/12,8
A15-A34,2021/1/13,10
A15-A34,2021/1/14,10
A15-A34,2021/1/15,10
A15-A34,2021/1/16,10
A15-A34,2021/1/17,10
A15-A34,2021/1/18,11
A15-A34,2021/1/19,14
A15-A34,2021/1/20,15
A15-A34,2021/1/21,15
A15-A34,2021/1/22,15
A15-A34,2021/1/23,16
A15-A34,2021/1/24,16
A15-A34,2021/1/25,17
A15-A34,2021/1/26,17
A15-A34,2021/1/27,17
A15-A34,2021/1/28,20
A15-A34,2021/2/01,21
A15-A34,2021/2/02,22
A15-A34,2021/2/03,23
A15-A34,2021/2/04,26
A15-A34,2021/2/05,26
A15-A34,2021/2/06,26
A15-A34,2021/2/07,26
A15-A34,2021/2/08,26
A15-A34,2021/2/09,27
A15-A34,2021/2/10,27
A15-A34,2021/2/11,27
A15-A34,2021/2/12,27
A15-A34,2021/2/13,27
A15-A34,2021/2/14,27
A15-A34,2021/2/15,28
A15-A34,2021/2/16,28
A15-A34,2021/2/17,28
A15-A34,2021/2/18,29
A15-A34,2021/2/19,29
A15-A34,2021/2/20,29
A15-A34,2021/2/21,29
A15-A34,2021/2/22,29
A15-A34,2021/2/23,29
A15-A34,2021/2/24,30
A15-A34,2021/2/25,32
A15-A34,2021/2/26,33
A15-A34,2021/2/27,33
A15-A34,2021/2/28,35
A15-A34,2021/3/01,36
A15-A34,2021/3/02,36
A15-A34,2021/3/03,37
A15-A34,2021/3/04,37
A15-A34,2021/3/05,38
A15-A34,2021/3/06,40
A15-A34,2021/3/07,41
A15-A34,2021/3/08,41
A15-A34,2021/3/09,43
A15-A34,2021/3/10,44
A15-A34,2021/3/11,44
A15-A34,2021/3/12,45
A15-A34,2021/3/13,46
A15-A34,2021/3/14,46
A15-A34,2021/3/15,47
A15-A34,2021/3/16,48
A15-A34,2021/3/17,50
A15-A34,2021/3/18,51
A15-A34,2021/3/19,52
A15-A34,2021/3/20,53
A15-A34,2021/3/21,53
A15-A34,2021/3/22,53
A15-A34,2021/3/23,55
A15-A34,2021/3/24,56
A15-A34,2021/3/25,56
A15-A34,2021/3/26,57
A15-A34,2021/3/27,59
A15-A34,2021/3/28,59
A15-A34,2021/3/29,60
A15-A34,2021/3/30,60
A15-A34,2021/3/31,61
A15-A34,2021/4/01,64
A15-A34,2021/4/02,65
A15-A34,2021/4/03,66
A15-A34,2021/4/04,66
A15-A34,2021/4/05,67
A15-A34,2021/4/06,72
A15-A34,2021/4/07,74
A15-A34,2021/4/08,75
A15-A34,2021/4/09,77
A15-A34,2021/4/10,77
A15-A34,2021/4/11,77
A15-A34,2021/4/12,79
A15-A34,2021/4/13,79
A15-A34,2021/4/14,83
A15-A34,2021/4/15,84
A15-A34,2021/4/16,87
A15-A34,2021/4/17,88
A15-A34,2021/4/18,89
A15-A34,2021/4/19,91
A15-A34,2021/4/20,92
A15-A34,2021/4/21,98
A15-A34,2021/4/22,100
A15-A34,2021/4/23,102
A15-A34,2021/4/24,104
A15-A34,2021/4/25,104
A15-A34,2021/4/26,104
A15-A34,2021/4/27,104
A15-A34,2021/4/28,104
A15-A34,2021/4/29,106
A15-A34,2021/4/30,107
A15-A34,2021/5/01,108
A15-A34,2021/5/02,112
A15-A34,2021/5/03,112
A15-A34,2021/5/04,113
A15-A34,2021/5/05,115
A15-A34,2021/5/06,115
A15-A34,2021/5/07,115
A15-A34,2021/5/08,115
A15-A34,2021/5/09,115
A15-A34,2021/5/10,117
A15-A34,2021/5/11,118
A15-A34,2021/5/12,119
A15-A34,2021/5/13,120
A15-A34,2021/5/14,120
A15-A34,2021/5/15,121
A15-A34,2021/5/16,121
A15-A34,2021/5/17,121
A15-A34,2021/5/18,122
A15-A34,2021/5/19,122
A15-A34,2021/5/20,123
A15-A34,2021/5/21,124
A15-A34,2021/5/22,125
A15-A34,2021/5/23,125
A15-A34,2021/5/24,125
A15-A34,2021/5/25,126
A15-A34,2021/5/26,127
A15-A34,2021/7/01,127
A15-A34,2021/7/02,127
A15-A34,2021/7/03,127
A15-A34,2021/7/04,127
A15-A34,2021/7/05,127
A15-A34,2021/7/06,127
A15-A34,2021/7/07,127
A15-A34,2021/7/08,127
A15-A34,2021/7/09,127
A15-A34,2021/7/10,127
A15-A34,2021/7/11,127
A15-A34,2021/7/12,127
A15-A34,2021/7/13,127
A15-A34,2021/7/14,127
A15-A34,2021/7/15,127
A15-A34,2021/7/16,127
A15-A34,2021/7/17,127
A15-A34,2021/7/18,127
A15-A34,2021/7/19,127
A15-A34,2021/7/20,127
A15-A34,2021/7/21,127
A15-A34,2021/7/22,128
A15-A34,2021/7/23,128
A15-A34,2021/7/24,128
A15-A34,2021/7/25,128
A15-A34,2021/7/26,128
A15-A34,2021/7/27,128
A15-A34,2021/7/28,129
A15-A34,2021/8/01,129
A15-A34,2021/8/02,129
A15-A34,2021/8/03,129
A15-A34,2021/8/04,130
A15-A34,2021/8/05,130
A15-A34,2021/8/06,130
A15-A34,2021/8/07,130
A15-A34,2021/8/08,130
A15-A34,2021/8/09,130
A15-A34,2021/8/10,130
A15-A34,2021/8/11,130
A15-A34,2021/8/12,130
A15-A34,2021/8/13,130
A15-A34,2021/8/14,130
A15-A34,2021/8/15,130
A15-A34,2021/8/16,130
A15-A34,2021/8/17,130
A15-A34,2021/8/18,132
A15-A34,2021/8/19,132
A15-A34,2021/8/20,134
A15-A34,2021/8/21,134
A15-A34,2021/8/22,134
A15-A34,2021/8/23,134
A15-A34,2021/8/24,137
A15-A34,2021/8/25,140
A15-A34,2021/8/26,140
A15-A34,2021/8/27,141
A15-A34,2021/8/28,142
A15-A34,2021/9/01,144
A15-A34,2021/9/02,145
A15-A34,2021/9/03,145
A15-A34,2021/9/04,147
A15-A34,2021/9/05,148
A15-A34,2021/9/06,151
A15-A34,2021/9/07,152
A15-A34,2021/9/08,152
A15-A34,2021/9/09,153
A15-A34,2021/9/10,153
A15-A34,2021/9/11,154
A15-A34,2021/9/12,155
A15-A34,2021/9/13,155
A15-A34,2021/9/14,156
A15-A34,2021/9/15,158
A15-A34,2021/9/16,160
A15-A34,2021/9/17,162
A15-A34,2021/9/18,163
A15-A34,2021/9/19,163
A15-A34,2021/9/20,163
A15-A34,2021/9/21,163
A15-A34,2021/9/22,163
A15-A34,2021/9/23,163
A15-A34,2021/9/24,163
A15-A34,2021/9/25,164
A15-A34,2021/9/26,165
A15-A34,2021/9/27,166
A15-A34,2021/9/28,166
A15-A34,2021/9/29,167
A15-A34,2021/9/30,169
A15-A34,2021/10/01,169
A15-A34,2021/10/02,169
A15-A34,2021/10/03,169
A15-A34,2021/10/04,169
A15-A34,2021/10/05,169
A15-A34,2021/10/06,170
A15-A34,2021/10/07,170
A15-A34,2021/10/08,171
A15-A34,2021/10/09,171
A15-A34,2021/10/10,171
A15-A34,2021/10/11,174
A15-A34,2021/10/12,174
A15-A34,2021/10/13,176
A15-A34,2021/10/14,177
A15-A34,2021/10/15,177
A15-A34,2021/10/16,177
A15-A34,2021/10/17,177
A15-A34,2021/10/18,177
A15-A34,2021/10/19,179
A15-A34,2021/10/20,181
A15-A34,2021/10/21,182
A15-A34,2021/10/22,182
A15-A34,2021/10/23,183
A15-A34,2021/10/24,183
A15-A34,2021/10/25,183
A15-A34,2021/10/26,186
A15-A34,2021/10/27,186
A15-A34,2021/10/28,188
A15-A34,2021/11/01,188
A15-A34,2021/11/02,188
A15-A34,2021/11/03,191
A15-A34,2021/11/04,193
A15-A34,2021/11/05,194
A15-A34,2021/11/06,195
A15-A34,2021/11/07,195
A15-A34,2021/11/08,195
A15-A34,2021/11/09,196
A15-A34,2021/11/10,196
A15-A34,2021/11/11,197
A15-A34,2021/11/12,197
A15-A34,2021/11/13,197
A15-A34,2021/11/14,199
A15-A34,2021/11/15,199
A15-A34,2021/11/16,199
A15-A34,2021/11/17,203
A15-A34,2021/11/18,203
A15-A34,2021/11/19,205
A15-A34,2021/11/20,206
A15-A34,2021/11/21,207
A15-A34,2021/11/22,209
A15-A34,2021/11/23,211
A15-A34,2021/11/24,214
A15-A34,2021/11/25,216
A15-A34,2021/11/26,217
A15-A34,2021/11/27,219
A15-A34,2021/11/28,219
A15-A34,2021/11/29,219
A15-A34,2021/11/30,220
A15-A34,2021/12/01,222
A15-A34,2021/12/02,223
A15-A34,2021/12/03,224
A15-A34,2021/12/04,226
A15-A34,2021/12/05,226
A15-A34,2021/12/06,229
A15-A34,2021/12/07,233
A15-A34,2021/12/08,234
A15-A34,2021/12/09,235
A15-A34,2021/12/10,237
A15-A34,2021/12/11,237
A15-A34,2021/12/12,237
A15-A34,2021/12/13,239
A15-A34,2021/12/14,243
A15-A34,2021/12/15,244
A15-A34,2021/12/16,244
A15-A34,2021/12/17,245
A15-A34,2021/12/18,246
A15-A34,2021/12/19,248
A15-A34,2021/12/20,249
A15-A34,2021/12/21,249
A15-A34,2021/12/22,251
A15-A34,2021/12/23,253
A15-A34,2021/12/24,253
A15-A34,2021/12/25,254
A15-A34,2021/12/26,254
A15-A34,2021/12/27,255
A15-A34,2021/12/28,257
